DOI,Dataset,ReactionKey,Reaction,Locations,Location_Count
acs.oprd.1c00456,OPRD-100,ANGKJOTXVRIEJF-UPDXMIGASA-N>>ZQVSSVMPRDFHAW-VXPBHQCDSA-N,CO[C@H]1C[C@@H]2CC[C@@H](C)[C@@](O)(O2)C(=O)C(=O)N2CCCC[C@H]2C(=O)C[C@H]([C@H](C)C[C@@H]2CC[C@@H](OCCO[Si](c3ccccc3)(c3ccccc3)C(C)(C)C)[C@H](OC)C2)CC(=O)[C@H](C)/C=C(\C)[C@H]2OC(OCCO[Si](c3ccccc3)(c3ccccc3)C(C)(C)C)([C@H](C)C[C@H](C)/C=C/C=C/C=C/1C)[C@@H]2OC>>CO[C@H]1C[C@@H]2CC[C@@H](C)[C@@](O)(O2)C(=O)C(=O)N2CCCC[C@H]2C(=O)C[C@H]([C@H](C)C[C@@H]2CC[C@@H](OCCO[Si](c3ccccc3)(c3ccccc3)C(C)(C)C)[C@H](OC)C2)CC(=O)[C@H](C)/C=C(\C)[C@@H](O)[C@@H](OC)C(=O)[C@H](C)C[C@H](C)/C=C/C=C/C=C/1C,Scheme 5 AND Scheme 1,1
acs.oprd.1c00456,OPRD-100,AOMOJFWVOHXBTN-UHFFFAOYSA-N.OISVCGZHLKNMSJ-UHFFFAOYSA-N.VOKRBQUJSVSLSQ-UHFFFAOYSA-N>>ITMCEJHCFYSIIV-UHFFFAOYSA-M.RIRUOSRZZAEHBL-UHFFFAOYSA-N,CC(C)(C)[Si](OCCOS(=O)(=O)C(F)(F)F)(c1ccccc1)c1ccccc1.CC(C)(C)[Si](OS(=O)(=O)C(F)(F)F)(c1ccccc1)c1ccccc1.Cc1cccc(C)n1>>Cc1cccc(C)[n+]1CCO[Si](c1ccccc1)(c1ccccc1)C(C)(C)C.O=S(=O)([O-])C(F)(F)F,Scheme 2,1
acs.oprd.1c00456,OPRD-100,DHEGPWVYRVBVDA-VBQQEYOXSA-N.DUUWFQBUGWHIMO-UHFFFAOYSA-N.WLLIXJBWWFGEHT-UHFFFAOYSA-N>>ZWXWHAFUIZHJFE-DSMYSAODSA-N,CO[C@H]1C[C@@H]2CC[C@@H](C)[C@@](O)(O2)C(=O)C(=O)N2CCCC[C@H]2C(=O)C[C@H]([C@H](C)C[C@@H]2CC[C@@H](O)[C@H](OC)C2)CC(=O)[C@H](C)/C=C(\C)[C@@H](O)[C@@H](OC)C(=O)[C@H](C)C[C@H](C)/C=C/C=C/C=C/1C.CC(C)(C)[Si](C)(C)OCCOS(=O)(=O)C(F)(F)F.CC(C)(C)[Si](C)(C)OS(=O)(=O)C(F)(F)F>>CO[C@H]1C[C@@H]2CC[C@@H](C)[C@@](O)(O2)C(=O)C(=O)N2CCCC[C@H]2C(=O)C[C@H]([C@H](C)C[C@@H]2CC[C@@H](OCCO[Si](C)(C)C(C)(C)C)[C@H](OC)C2)CC(=O)[C@H](C)/C=C(\C)[C@@H](O)[C@@H](OC)C(=O)[C@H](C)C[C@H](C)/C=C/C=C/C=C/1C,Table 1 AND Scheme 1,1
acs.oprd.1c00456,OPRD-100,DHEGPWVYRVBVDA-VBQQEYOXSA-N.UJTZJVNWWZDIJK-UHFFFAOYSA-N>>FQROVMXRCGPRLR-CNAMCHDLSA-N,CO[C@H]1C[C@@H]2CC[C@@H](C)[C@@](O)(O2)C(=O)C(=O)N2CCCC[C@H]2C(=O)C[C@H]([C@H](C)C[C@@H]2CC[C@@H](O)[C@H](OC)C2)CC(=O)[C@H](C)/C=C(\C)[C@@H](O)[C@@H](OC)C(=O)[C@H](C)C[C@H](C)/C=C/C=C/C=C/1C.CC(C)[Si](C)(C)OCCOS(=O)(=O)C(F)(F)F>>CO[C@H]1C[C@@H]2CC[C@@H](C)[C@@](O)(O2)C(=O)C(=O)N2CCCC[C@H]2C(=O)C[C@H]([C@H](C)C[C@@H]2CC[C@@H](OCCO[Si](C)(C)C(C)C)[C@H](OC)C2)CC(=O)[C@H](C)/C=C(\C)[C@@H](O)[C@@H](OC)C(=O)[C@H](C)C[C@H](C)/C=C/C=C/C=C/1C,Table 1 AND Scheme 1,1
acs.oprd.1c00456,OPRD-100,DHEGPWVYRVBVDA-VBQQEYOXSA-N.VOKRBQUJSVSLSQ-UHFFFAOYSA-N>>ANGKJOTXVRIEJF-UPDXMIGASA-N.ZQVSSVMPRDFHAW-VXPBHQCDSA-N,CO[C@H]1C[C@@H]2CC[C@@H](C)[C@@](O)(O2)C(=O)C(=O)N2CCCC[C@H]2C(=O)C[C@H]([C@H](C)C[C@@H]2CC[C@@H](O)[C@H](OC)C2)CC(=O)[C@H](C)/C=C(\C)[C@@H](O)[C@@H](OC)C(=O)[C@H](C)C[C@H](C)/C=C/C=C/C=C/1C.CC(C)(C)[Si](OCCOS(=O)(=O)C(F)(F)F)(c1ccccc1)c1ccccc1>>CO[C@H]1C[C@@H]2CC[C@@H](C)[C@@](O)(O2)C(=O)C(=O)N2CCCC[C@H]2C(=O)C[C@H]([C@H](C)C[C@@H]2CC[C@@H](OCCO[Si](c3ccccc3)(c3ccccc3)C(C)(C)C)[C@H](OC)C2)CC(=O)[C@H](C)/C=C(\C)[C@@H](O)[C@@H](OC)C(=O)[C@H](C)C[C@H](C)/C=C/C=C/C=C/1C.CO[C@H]1C[C@@H]2CC[C@@H](C)[C@@](O)(O2)C(=O)C(=O)N2CCCC[C@H]2C(=O)C[C@H]([C@H](C)C[C@@H]2CC[C@@H](OCCO[Si](c3ccccc3)(c3ccccc3)C(C)(C)C)[C@H](OC)C2)CC(=O)[C@H](C)/C=C(\C)[C@H]2OC(OCCO[Si](c3ccccc3)(c3ccccc3)C(C)(C)C)([C@H](C)C[C@H](C)/C=C/C=C/C=C/1C)[C@@H]2OC,Table 4 AND Scheme 2 AND Scheme 5,1
acs.oprd.1c00456,OPRD-100,DHEGPWVYRVBVDA-VBQQEYOXSA-N.VOKRBQUJSVSLSQ-UHFFFAOYSA-N>>ZQVSSVMPRDFHAW-VXPBHQCDSA-N,CO[C@H]1C[C@@H]2CC[C@@H](C)[C@@](O)(O2)C(=O)C(=O)N2CCCC[C@H]2C(=O)C[C@H]([C@H](C)C[C@@H]2CC[C@@H](O)[C@H](OC)C2)CC(=O)[C@H](C)/C=C(\C)[C@@H](O)[C@@H](OC)C(=O)[C@H](C)C[C@H](C)/C=C/C=C/C=C/1C.CC(C)(C)[Si](OCCOS(=O)(=O)C(F)(F)F)(c1ccccc1)c1ccccc1>>CO[C@H]1C[C@@H]2CC[C@@H](C)[C@@](O)(O2)C(=O)C(=O)N2CCCC[C@H]2C(=O)C[C@H]([C@H](C)C[C@@H]2CC[C@@H](OCCO[Si](c3ccccc3)(c3ccccc3)C(C)(C)C)[C@H](OC)C2)CC(=O)[C@H](C)/C=C(\C)[C@@H](O)[C@@H](OC)C(=O)[C@H](C)C[C@H](C)/C=C/C=C/C=C/1C,"Experimental, Table 1 AND Scheme 1",2
acs.oprd.1c00456,OPRD-100,DHEGPWVYRVBVDA-VBQQEYOXSA-N>>YXLUORWWVYEELM-JDHNKMROSA-N,CO[C@H]1C[C@@H]2CC[C@@H](C)[C@@](O)(O2)C(=O)C(=O)N2CCCC[C@H]2C(=O)C[C@H]([C@H](C)C[C@@H]2CC[C@@H](O)[C@H](OC)C2)CC(=O)[C@H](C)/C=C(\C)[C@@H](O)[C@@H](OC)C(=O)[C@H](C)C[C@H](C)/C=C/C=C/C=C/1C>>CO[C@H]1C[C@@H]2CC[C@@H](C)[C@@](O)(O2)C(=O)C(=O)N2CCCC[C@H]2C(=O)C[C@H]([C@H](C)C[C@@H]2CC[C@@H](OCCO)[C@H](OC)C2)CC(=O)[C@H](C)/C=C(\C)[C@@H](O)[C@@H](OC)C(=O)[C@H](C)C[C@H](C)/C=C/C=C/C=C/1C,Scheme 1,1
acs.oprd.1c00456,OPRD-100,JGFZNNIVVJXRND-UHFFFAOYSA-N.UJTZJVNWWZDIJK-UHFFFAOYSA-N>>ITMCEJHCFYSIIV-UHFFFAOYSA-M.VIMOCFQJLHPILG-UHFFFAOYSA-N,CC(C)[Si](C)(C)OCCOS(=O)(=O)C(F)(F)F.CCN(C(C)C)C(C)C>>CC[N+](CCO[Si](C)(C)C(C)C)(C(C)C)C(C)C.O=S(=O)([O-])C(F)(F)F,Scheme 2,1
acs.oprd.1c00456,OPRD-100,PDLHOXRFRCWFMB-CIPGPYIUSA-N.VOKRBQUJSVSLSQ-UHFFFAOYSA-N>>DFSGWGWXVQWAOZ-ZXEVHOHPSA-N,CO[C@H]1C[C@@H]2CC[C@@H](C)[C@@](O)(O2)C(=O)C(=O)N2CCCC[C@H]2C(=O)C[C@H]([C@H](C)C[C@@H]2CC[C@@H](O)[C@H](OC)C2)CC(=O)[C@H](C)/C=C(\C)[C@@H](O)[C@@H](OC)C(=O)[C@H](C)C[C@H](C)C/C=C/C=C/C=C/1C.CC(C)(C)[Si](OCCOS(=O)(=O)C(F)(F)F)(c1ccccc1)c1ccccc1>>CO[C@H]1C[C@@H]2CC[C@@H](C)[C@@](O)(O2)C(=O)C(=O)N2CCCC[C@H]2C(=O)C[C@H]([C@H](C)C[C@@H]2CC[C@@H](OCCO[Si](c3ccccc3)(c3ccccc3)C(C)(C)C)[C@H](OC)C2)CC(=O)[C@H](C)/C=C(\C)[C@@H](O)[C@@H](OC)C(=O)[C@H](C)C[C@H](C)C/C=C/C=C/C=C/1C,Table 1 AND Scheme 1,1
acs.oprd.1c00456,OPRD-100,ZQVSSVMPRDFHAW-VXPBHQCDSA-N>>DHEGPWVYRVBVDA-VBQQEYOXSA-N,CO[C@H]1C[C@@H]2CC[C@@H](C)[C@@](O)(O2)C(=O)C(=O)N2CCCC[C@H]2C(=O)C[C@H]([C@H](C)C[C@@H]2CC[C@@H](OCCO[Si](c3ccccc3)(c3ccccc3)C(C)(C)C)[C@H](OC)C2)CC(=O)[C@H](C)/C=C(\C)[C@@H](O)[C@@H](OC)C(=O)[C@H](C)C[C@H](C)/C=C/C=C/C=C/1C>>CO[C@H]1C[C@@H]2CC[C@@H](C)[C@@](O)(O2)C(=O)C(=O)N2CCCC[C@H]2C(=O)C[C@H]([C@H](C)C[C@@H]2CC[C@@H](O)[C@H](OC)C2)CC(=O)[C@H](C)/C=C(\C)[C@@H](O)[C@@H](OC)C(=O)[C@H](C)C[C@H](C)/C=C/C=C/C=C/1C,Experimental,1
op980087x,OPRD-100,KOZFSFOOLUUIGY-SOLYNIJKSA-N>>DRIRPEIGDLTAFJ-KEFSCGHKSA-N.QTYMDECKVKSGSM-YMUMJAELSA-N.RSMGKDNRKDOIHL-KEFSCGHKSA-N,COC(=O)[C@@]1(O)C[C@H]2O[C@]1(C)n1c3ccccc3c3c4c(c5c6ccccc6n2c5c31)C(=O)NC4>>COC(=O)[C@@]1(OC)C[C@H]2O[C@]1(C)n1c3ccccc3c3c4c(c5c6ccccc6n2c5c31)C(=O)NC4.COC(=O)[C@@]1(O)C[C@H]2O[C@]1(C)n1c3ccccc3c3c4c(c5c6ccccc6n2c5c31)C(=O)N(C)C4.COC(=O)[C@@]1(OC)C[C@H]2O[C@]1(C)n1c3ccccc3c3c4c(c5c6ccccc6n2c5c31)C(=O)N(C)C4,"experimental, scheme 1",2
op980087x,OPRD-100,KOZFSFOOLUUIGY-SOLYNIJKSA-N>>SHAGVOKZTJUHNQ-CLJJQJHESA-N,COC(=O)[C@@]1(O)C[C@H]2O[C@]1(C)n1c3ccccc3c3c4c(c5c6ccccc6n2c5c31)C(=O)NC4>>COC(=O)[C@@]1(O)C[C@H]2O[C@]1(C)n1c3ccccc3c3c4c(c5c6ccccc6n2c5c31)C(=O)N([Si](C)(C)C(C)(C)C)C4,"experimental, scheme 2",2
op980087x,OPRD-100,SHAGVOKZTJUHNQ-CLJJQJHESA-N>>QTYMDECKVKSGSM-YMUMJAELSA-N.RSMGKDNRKDOIHL-KEFSCGHKSA-N.UXISQSVTAUVTCD-JDGSVOMQSA-N,COC(=O)[C@@]1(O)C[C@H]2O[C@]1(C)n1c3ccccc3c3c4c(c5c6ccccc6n2c5c31)C(=O)N([Si](C)(C)C(C)(C)C)C4>>COC(=O)[C@@]1(OC)C[C@H]2O[C@]1(C)n1c3ccccc3c3c4c(c5c6ccccc6n2c5c31)C(=O)N([Si](C)(C)C(C)(C)C)C4.COC(=O)[C@@]1(OC)C[C@H]2O[C@]1(C)n1c3ccccc3c3c4c(c5c6ccccc6n2c5c31)C(=O)NC4.COC(=O)[C@@]1(OC)C[C@H]2O[C@]1(C)n1c3ccccc3c3c4c(c5c6ccccc6n2c5c31)C(=O)N(C)C4,table 1,1
op980087x,OPRD-100,SHAGVOKZTJUHNQ-CLJJQJHESA-N>>UXISQSVTAUVTCD-JDGSVOMQSA-N,COC(=O)[C@@]1(O)C[C@H]2O[C@]1(C)n1c3ccccc3c3c4c(c5c6ccccc6n2c5c31)C(=O)N([Si](C)(C)C(C)(C)C)C4>>COC(=O)[C@@]1(OC)C[C@H]2O[C@]1(C)n1c3ccccc3c3c4c(c5c6ccccc6n2c5c31)C(=O)N([Si](C)(C)C(C)(C)C)C4,"experimental, scheme 2",2
op700249f,OPRD-100,BEBCJVAWIBVWNZ-UHFFFAOYSA-N.ZQAPFCAQBOAMSM-VQLLNBNUSA-N>>QMCSHIPZZVYDEU-ZUKCLDLQSA-N,COC(=O)[C@H](CC(=O)N[C@@H]1O[C@H](COC(C)=O)[C@@H](OC(C)=O)[C@H](OC(C)=O)[C@H]1OC(C)=O)NC(=O)OCc1ccccc1.NCC(N)=O>>CC(=O)OC[C@H]1O[C@@H](NC(=O)C[C@H](NC(=O)OCc2ccccc2)C(=O)NCN)[C@H](OC(C)=O)[C@@H](OC(C)=O)[C@@H]1OC(C)=O,"Experimental, Scheme 2",2
op700249f,OPRD-100,DGYHPLMPMRKMPD-BYPYZUCNSA-N.NHNYHKRWHCWHAJ-RKQHYHRCSA-N>>UTNVGFZTGTWTQY-PYTCMNEWSA-N,CC(=O)OC[C@H]1O[C@@H](N=[N+]=[N-])[C@H](OC(C)=O)[C@@H](OC(C)=O)[C@@H]1OC(C)=O.C#CC[C@H](N)C(=O)O>>CC(=O)OC[C@H]1O[C@@H](n2cc(C[C@H](N)C(=O)O)nn2)[C@H](OC(C)=O)[C@@H](OC(C)=O)[C@@H]1OC(C)=O,"Table 1, entry 5",1
op700249f,OPRD-100,GICGNESPSNBIRH-OLZOCXBDSA-N.ODYZSGODFGXEDP-LPMXJBPNSA-N>>ZELRGBRABGJCLI-NAMDKFGDSA-N,C#C[C@@H]1O[C@H](COCc2ccccc2)[C@@H](OCc2ccccc2)[C@H](OCc2ccccc2)[C@H]1OCc1ccccc1.COC(=O)[C@@H]1C[C@H](N=[N+]=[N-])CCN1C(=O)OCc1ccccc1>>COC(=O)[C@@H]1C[C@H](n2cc([C@@H]3O[C@H](COC(C)=O)[C@@H](OC(C)=O)[C@H](OC(C)=O)[C@H]3OC(C)=O)nn2)CCN1C(=O)OCc1ccccc1,Experimental,1
op700249f,OPRD-100,GICGNESPSNBIRH-STQMWFEESA-N.ODYZSGODFGXEDP-LPMXJBPNSA-N>>ZELRGBRABGJCLI-SUPSSVSMSA-N,C#C[C@@H]1O[C@H](COCc2ccccc2)[C@@H](OCc2ccccc2)[C@H](OCc2ccccc2)[C@H]1OCc1ccccc1.COC(=O)[C@@H]1C[C@@H](N=[N+]=[N-])CCN1C(=O)OCc1ccccc1>>COC(=O)[C@@H]1C[C@@H](n2cc([C@@H]3O[C@H](COC(C)=O)[C@@H](OC(C)=O)[C@H](OC(C)=O)[C@H]3OC(C)=O)nn2)CCN1C(=O)OCc1ccccc1,Experimental,1
op700249f,OPRD-100,NHNYHKRWHCWHAJ-RKQHYHRCSA-N.PEYDKPVBMUTOCS-HOTGVXAUSA-N>>OTXFJQFCZIRQMN-CWBGMNJWSA-N,CC(=O)OC[C@H]1O[C@@H](N=[N+]=[N-])[C@H](OC(C)=O)[C@@H](OC(C)=O)[C@@H]1OC(C)=O.C#CC[C@H](NS(=O)(=O)c1ccc(C)cc1)C(=O)N[C@@H](CC#C)C(=O)OC>>COC(=O)[C@@H](NC(=O)[C@H](Cc1cn([C@@H]2O[C@H](COC(C)=O)[C@@H](OC(C)=O)[C@H](OC(C)=O)[C@H]2OC(C)=O)nn1)NS(=O)(=O)c1ccc(C)cc1)c1cn([C@@H]2O[C@H](COC(C)=O)[C@@H](OC(C)=O)[C@H](OC(C)=O)[C@H]2OC(C)=O)nn1,"Experimental, Table 1, entry 7",2
op700249f,OPRD-100,OBSIQMZKFXFYLV-QMMMGPOBSA-N.ZQAPFCAQBOAMSM-VQLLNBNUSA-N>>UFPWPRZAWCNIKD-SPTYDINCSA-N,COC(=O)[C@H](CC(=O)N[C@@H]1O[C@H](COC(C)=O)[C@@H](OC(C)=O)[C@H](OC(C)=O)[C@H]1OC(C)=O)NC(=O)OCc1ccccc1.NC(=O)[C@@H](N)Cc1ccccc1>>CC(=O)OC[C@H]1O[C@@H](NC(=O)C[C@H](NC(=O)OCc2ccccc2)C(=O)N[C@H](N)Cc2ccccc2)[C@H](OC(C)=O)[C@@H](OC(C)=O)[C@@H]1OC(C)=O,"Experimental, Scheme 2",2
op700249f,OPRD-100,ODYZSGODFGXEDP-LPMXJBPNSA-N.VDMLLTHLTWQBRD-RRFJBIMHSA-N>>RGIIFMMMAOZWTB-YDGVYEQJSA-N,C#C[C@@H]1O[C@H](COCc2ccccc2)[C@@H](OCc2ccccc2)[C@H](OCc2ccccc2)[C@H]1OCc1ccccc1.COC(=O)[C@@H]1CC[C@@H](OC(C)=O)[C@H](N=[N+]=[N-])N1C(=O)OCc1ccccc1>>COC(=O)[C@@H]1CC[C@@H](OC(C)=O)[C@H](n2cc([C@@H]3O[C@H](COCc4ccccc4)[C@@H](OCc4ccccc4)[C@H](OCc4ccccc4)[C@H]3OCc3ccccc3)nn2)N1C(=O)OCc1ccccc1,"Table 2, entry 6",1
op700249f,OPRD-100,ODYZSGODFGXEDP-LPMXJBPNSA-N.ZITYCUDVCWLHPG-INIZCTEOSA-N>>SBTPZFLFLYBRGC-ULPFWSPLSA-N,C#C[C@@H]1O[C@H](COCc2ccccc2)[C@@H](OCc2ccccc2)[C@H](OCc2ccccc2)[C@H]1OCc1ccccc1.[N-]=[N+]=NC[C@H](NC(=O)OCC1c2ccccc2-c2ccccc21)C(=O)O>>CC(=O)OC[C@H]1O[C@@H](c2cn(C[C@H](NC(=O)OCC3c4ccccc4-c4ccccc43)C(=O)O)nn2)[C@H](OC(C)=O)[C@@H](OC(C)=O)[C@@H]1OC(C)=O,Experimental,1
op700249f,OPRD-100,RYYLDCAZKZWROY-LHNRFUMQSA-N.VTLJQNRENXZSIN-RYUDHWBXSA-N>>CJZSYVFYRPFFNT-PBMBZRIMSA-N,COC(=O)[C@H](Cc1cn([C@@H]2O[C@H](COC(C)=O)[C@@H](OC(C)=O)[C@H](OC(C)=O)[C@H]2OC(C)=O)nn1)NC(=O)OCc1ccccc1.CC(C)[C@H](N)C(=O)NC(=O)[C@@H](N)Cc1ccccc1>>CC(=O)OC[C@H]1O[C@@H](n2cc(C[C@H](NC(=O)OCc3ccccc3)C(=O)N[C@@H](Cc3ccccc3)C(=O)NC(=O)[C@@H](N)C(C)C)nn2)[C@H](OC(C)=O)[C@@H](OC(C)=O)[C@@H]1OC(C)=O,"Table 5, entry 3",1
acs.oprd.2c00146,OPRD-100,NDEGMKQAZZBNBB-JMOVZRAMSA-N>>IRKXGKIPOMIQOD-ZZWDRFIYSA-N,CC(=O)O[C@@H]1[C@H](C)OC=C[C@@H]1OC(C)=O>>C[C@@H]1OC(O)[C@@H](F)[C@H](O)[C@@H]1O,Scheme 1,1
acs.oprd.2c00146,OPRD-100,QZQMGQQOGJIDKJ-DTYUZISYSA-N>>XUZQAPSYNYIKSR-BSOOIWJMSA-N,CC(=O)OC1O[C@@H](C)[C@@H](OC(C)=O)[C@@H](OC(C)=O)[C@@H]1OC(C)=O>>CC(=O)O[C@@H]1[C@H](OC(C)=O)[C@H](C)O[C@@H](Br)[C@H]1OC(C)=O,Scheme 1,1
acs.oprd.2c00146,OPRD-100,RTVWBDNQHISFHI-WSBJEXOASA-N>>NDEGMKQAZZBNBB-JMOVZRAMSA-N,CO[C@@H]1O[C@@H](C)[C@@H](OC(C)=O)[C@@H](OC(C)=O)[C@H]1OC(C)=O>>CC(=O)O[C@@H]1[C@H](C)OC=C[C@@H]1OC(C)=O,Scheme 2,1
acs.oprd.2c00146,OPRD-100,SHZGCJCMOBCMKK-DHVFOXMCSA-N>>QZQMGQQOGJIDKJ-DTYUZISYSA-N,C[C@@H]1OC(O)[C@@H](O)[C@H](O)[C@@H]1O>>CC(=O)OC1O[C@@H](C)[C@@H](OC(C)=O)[C@@H](OC(C)=O)[C@@H]1OC(C)=O,Scheme 1,1
acs.oprd.2c00146,OPRD-100,TVKKWQAJQZHTDN-XDQCBXAXSA-N>>TVKKWQAJQZHTDN-XDQCBXAXSA-N,CO[C@@H]1O[C@@H](C)[C@@H](O)[C@H]2OC(C)(C)O[C@@H]12>>CO[C@@H]1O[C@@H](C)[C@@H](O)[C@H]2OC(C)(C)O[C@@H]12,Scheme 2,1
acs.oprd.2c00146,OPRD-100,XUZQAPSYNYIKSR-BSOOIWJMSA-N>>NDEGMKQAZZBNBB-JMOVZRAMSA-N,CC(=O)O[C@@H]1[C@H](OC(C)=O)[C@H](C)O[C@@H](Br)[C@H]1OC(C)=O>>CC(=O)O[C@@H]1[C@H](C)OC=C[C@@H]1OC(C)=O,Scheme 1,1
acs.oprd.2c00146,OPRD-100,XUZQAPSYNYIKSR-QLOSAFNOSA-N>>NDEGMKQAZZBNBB-JMOVZRAMSA-N,CC(=O)O[C@H]1[C@@H](OC(C)=O)[C@H](Br)O[C@@H](C)[C@H]1OC(C)=O>>CC(=O)O[C@@H]1[C@H](C)OC=C[C@@H]1OC(C)=O,Experimental,1
acs.oprd.9b00192,OPRD-100,CPNYQLNTBZWKNF-INIZCTEOSA-N>>JOXIMZWYDAKGHI-UHFFFAOYSA-M.YHYKUSGACIYRML-KRWDZBQOSA-O,CNS(=O)(=O)C[C@](C)(N)c1cc(NC(=O)c2ccc(F)cn2)ccc1F>>Cc1ccc(S(=O)(=O)[O-])cc1.CN1C([NH3+])=N[C@](C)(c2cc(NC(=O)c3ccc(F)cn3)ccc2F)CS1(=O)=O,Scheme 1,1
acs.oprd.9b00192,OPRD-100,CWKOQDDWKWTOCF-UHFFFAOYSA-N.IUZXTSMWYGFJFT-SFHVURJKSA-O.IWYDHOAUDWTVEP-ZETCQYMHSA-M.JRHPOFJADXHYBR-HTQZYQBOSA-N>>CWKOQDDWKWTOCF-UHFFFAOYSA-N.KNYPXEQBJBMOII-DEOSSOPVSA-N.RMBFJJMTAQGKBV-WUNLWTINSA-N,O=C([O-])[C@@H](O)c1ccccc1.COc1ccc(CN(C)S(=O)(=O)C[C@](C)([NH3+])c2cc(Br)ccc2F)cc1.NC(=O)c1ccc(F)cn1.CN[C@@H]1CCCC[C@H]1NC>>COc1ccc(CN(C)S(=O)(=O)C[C@](C)(N)c2cc(NC(=O)c3ccc(F)cn3)ccc2F)cc1.CN[C@@H]1CCCC[C@H]1Nc1ccc(C(=O)Nc2ccc(F)c([C@@](C)(N)CS(=O)(=O)N(C)Cc3ccc(OC)cc3)c2)nc1.NC(=O)c1ccc(F)cn1,Table 2,1
acs.oprd.9b00192,OPRD-100,CWKOQDDWKWTOCF-UHFFFAOYSA-N.IUZXTSMWYGFJFT-SFHVURJKSA-O.IWYDHOAUDWTVEP-ZETCQYMHSA-M.JRHPOFJADXHYBR-HTQZYQBOSA-N>>KNYPXEQBJBMOII-DEOSSOPVSA-N,O=C([O-])[C@@H](O)c1ccccc1.COc1ccc(CN(C)S(=O)(=O)C[C@](C)([NH3+])c2cc(Br)ccc2F)cc1.NC(=O)c1ccc(F)cn1.CN[C@@H]1CCCC[C@H]1NC>>COc1ccc(CN(C)S(=O)(=O)C[C@](C)(N)c2cc(NC(=O)c3ccc(F)cn3)ccc2F)cc1,"Scheme 1, Scheme 2",2
acs.oprd.9b00192,OPRD-100,DPZNOMCNRMUKPS-UHFFFAOYSA-N.KNYPXEQBJBMOII-DEOSSOPVSA-N>>CPNYQLNTBZWKNF-INIZCTEOSA-N,COc1ccc(CN(C)S(=O)(=O)C[C@](C)(N)c2cc(NC(=O)c3ccc(F)cn3)ccc2F)cc1.COc1cccc(OC)c1>>CNS(=O)(=O)C[C@](C)(N)c1cc(NC(=O)c2ccc(F)cn2)ccc1F,Scheme 1,1
acs.oprd.9b00192,OPRD-100,IUZXTSMWYGFJFT-SFHVURJKSA-O.IWYDHOAUDWTVEP-ZETCQYMHSA-M>>KNYPXEQBJBMOII-DEOSSOPVSA-N,O=C([O-])[C@@H](O)c1ccccc1.COc1ccc(CN(C)S(=O)(=O)C[C@](C)([NH3+])c2cc(Br)ccc2F)cc1>>COc1ccc(CN(C)S(=O)(=O)C[C@](C)(N)c2cc(NC(=O)c3ccc(F)cn3)ccc2F)cc1,"Experimental, Figure 3",2
acs.oprd.9b00192,OPRD-100,JOXIMZWYDAKGHI-UHFFFAOYSA-M.YHYKUSGACIYRML-KRWDZBQOSA-O>>YHYKUSGACIYRML-KRWDZBQOSA-N,Cc1ccc(S(=O)(=O)[O-])cc1.CN1C([NH3+])=N[C@](C)(c2cc(NC(=O)c3ccc(F)cn3)ccc2F)CS1(=O)=O>>CN1C(N)=N[C@](C)(c2cc(NC(=O)c3ccc(F)cn3)ccc2F)CS1(=O)=O,Scheme 1,1
acs.oprd.9b00192,OPRD-100,WGQLJNNCVCEPNS-UHFFFAOYSA-N.WOADMISSFZLHGL-YBYKNVHQSA-N>>IUZXTSMWYGFJFT-SFHVURJKSA-O.IWYDHOAUDWTVEP-ZETCQYMHSA-M,C/C(=N\[S@](=O)C(C)(C)C)c1cc(Br)ccc1F.COc1ccc(CN(C)S(C)(=O)=O)cc1>>O=C([O-])[C@@H](O)c1ccccc1.COc1ccc(CN(C)S(=O)(=O)C[C@](C)([NH3+])c2cc(Br)ccc2F)cc1,Scheme 1,1
acs.oprd.9b00138,OPRD-100,BZGFQVAHJAAVGG-IZZNHLLZSA-N.RWRDLPDLKQPQOW-UHFFFAOYSA-N>>ZGCCCLXRORXXAW-WUFINQPMSA-N,CCOC(=O)[C@H]([C@H](O)c1ccc2c(c1)OCCO2)N(Cc1ccccc1)Cc1ccccc1.C1CCNC1>>O=C([C@H]([C@H](O)c1ccc2c(c1)OCCO2)N(Cc1ccccc1)Cc1ccccc1)N1CCCC1,Scheme 5,1
acs.oprd.9b00138,OPRD-100,MPRDYMIZJFVAAH-IUODEOHRSA-N>>FJZZPCZKBUKGGU-AUSIDOKSSA-N,N[C@H](CN1CCCC1)[C@H](O)c1ccc2c(c1)OCCO2>>CCCCCCCC(=O)N[C@H](CN1CCCC1)[C@H](O)c1ccc2c(c1)OCCO2,Experimental,1
acs.oprd.9b00138,OPRD-100,NIZVLCGTFWYIFH-BJKOFHAPSA-N.RWRDLPDLKQPQOW-UHFFFAOYSA-N>>BYQDJFAZTYQSBR-XZWHSSHBSA-N.SHROXDJUZBSMMQ-XZWHSSHBSA-N.ZGCCCLXRORXXAW-WUFINQPMSA-N,O=C(O)[C@H]([C@H](O)c1ccc2c(c1)OCCO2)N(Cc1ccccc1)Cc1ccccc1.C1CCNC1>>O=C([C@H]([C@H](O)c1ccc2c(c1)OCCO2)N(Cc1ccccc1)Cc1ccccc1)N1CCCC1.CC(C)/N=C(\NC(C)C)OC(=O)[C@H]([C@H](O)c1ccc2c(c1)OCCO2)N(Cc1ccccc1)Cc1ccccc1.CC(C)NC(=O)N(C(=O)[C@H]([C@H](O)c1ccc2c(c1)OCCO2)N(Cc1ccccc1)Cc1ccccc1)C(C)C,Table 3,1
acs.oprd.3c00189,OPRD-100,APTADHGCVGEOLE-QJPTWQEYSA-N>>JCHIBKSSZNWERE-GARJFASQSA-O.MUBZPKHOEPUJKR-UHFFFAOYSA-M,CN(C)C(=O)[C@H]1CC[C@@H](OS(C)(=O)=O)[C@H](NC(=O)OC(C)(C)C)C1>>CN(C)C(=O)[C@H]1CC[C@H]([NH3+])[C@H](NC(=O)OC(C)(C)C)C1.O=C([O-])C(=O)O,Scheme 1,1
acs.oprd.3c00189,OPRD-100,APTADHGCVGEOLE-QJPTWQEYSA-N>>LVJZCKRMMBTVNC-GARJFASQSA-N,CN(C)C(=O)[C@H]1CC[C@@H](OS(C)(=O)=O)[C@H](NC(=O)OC(C)(C)C)C1>>CN(C)C(=O)[C@H]1CC[C@H](N=[N+]=[N-])[C@H](NC(=O)OC(C)(C)C)C1,Scheme 3,1
acs.oprd.3c00189,OPRD-100,ASLVAQVDESFAEH-CYZMBNFOSA-N>>BESOFEFATVCLFO-IACUBPJLSA-N,CN1CCc2nc(C(=O)N[C@@H]3C[C@@H](C(=O)N(C)C)CC[C@H]3O)sc2C1>>CN1CCc2nc(C(=O)N[C@@H]3C[C@@H](C(=O)N(C)C)CC[C@H]3OS(C)(=O)=O)sc2C1,Scheme 7,1
acs.oprd.3c00189,OPRD-100,ASLVAQVDESFAEH-CYZMBNFOSA-N>>CSERHYPIWHNOQT-DMDPSCGWSA-N.CSERHYPIWHNOQT-GMXVVIOVSA-N,CN1CCc2nc(C(=O)N[C@@H]3C[C@@H](C(=O)N(C)C)CC[C@H]3O)sc2C1>>CN1CCc2nc(C(=O)N[C@@H]3C[C@@H](C(=O)N(C)C)CC[C@@H]3N=[N+]=[N-])sc2C1.CN1CCc2nc(C(=O)N[C@@H]3C[C@@H](C(=O)N(C)C)CC[C@H]3N=[N+]=[N-])sc2C1,Table 3,1
acs.oprd.3c00189,OPRD-100,ASLVAQVDESFAEH-CYZMBNFOSA-N>>FEWJPZIEWOKRBE-JCYAYHJZSA-M.QJVMDGXTANLPMW-GMXVVIOVSA-O,CN1CCc2nc(C(=O)N[C@@H]3C[C@@H](C(=O)N(C)C)CC[C@H]3O)sc2C1>>CN1CCc2nc(C(=O)N[C@@H]3C[C@@H](C(=O)N(C)C)CC[C@@H]3[NH3+])sc2C1.O=C([O-])[C@H](O)[C@@H](O)C(=O)O,Table 4,1
acs.oprd.3c00189,OPRD-100,ASLVAQVDESFAEH-CYZMBNFOSA-N>>KRKNYBCHXYNGOX-UHFFFAOYSA-M.QJVMDGXTANLPMW-GMXVVIOVSA-O,CN1CCc2nc(C(=O)N[C@@H]3C[C@@H](C(=O)N(C)C)CC[C@H]3O)sc2C1>>CN1CCc2nc(C(=O)N[C@@H]3C[C@@H](C(=O)N(C)C)CC[C@@H]3[NH3+])sc2C1.O=C(O)CC(O)(CC(=O)O)C(=O)[O-],Table 4,1
acs.oprd.3c00189,OPRD-100,ASLVAQVDESFAEH-CYZMBNFOSA-N>>MIOPJNTWMNEORI-UHFFFAOYSA-M.QJVMDGXTANLPMW-GMXVVIOVSA-O,CN1CCc2nc(C(=O)N[C@@H]3C[C@@H](C(=O)N(C)C)CC[C@H]3O)sc2C1>>CN1CCc2nc(C(=O)N[C@@H]3C[C@@H](C(=O)N(C)C)CC[C@@H]3[NH3+])sc2C1.CC1(C)C2CCC1(CS(=O)(=O)[O-])C(=O)C2,"Experimental, Table 4",2
acs.oprd.3c00189,OPRD-100,ASLVAQVDESFAEH-CYZMBNFOSA-N>>MUBZPKHOEPUJKR-UHFFFAOYSA-M.QJVMDGXTANLPMW-GMXVVIOVSA-O,CN1CCc2nc(C(=O)N[C@@H]3C[C@@H](C(=O)N(C)C)CC[C@H]3O)sc2C1>>CN1CCc2nc(C(=O)N[C@@H]3C[C@@H](C(=O)N(C)C)CC[C@@H]3[NH3+])sc2C1.O=C([O-])C(=O)O,"Experimental, Table 4",2
acs.oprd.3c00189,OPRD-100,ASLVAQVDESFAEH-CYZMBNFOSA-N>>QAOWNCQODCNURD-UHFFFAOYSA-M.QJVMDGXTANLPMW-GMXVVIOVSA-O,CN1CCc2nc(C(=O)N[C@@H]3C[C@@H](C(=O)N(C)C)CC[C@H]3O)sc2C1>>CN1CCc2nc(C(=O)N[C@@H]3C[C@@H](C(=O)N(C)C)CC[C@@H]3[NH3+])sc2C1.O=S(=O)([O-])O,Table 4,1
acs.oprd.3c00189,OPRD-100,BESOFEFATVCLFO-IACUBPJLSA-N>>CSERHYPIWHNOQT-GMXVVIOVSA-N,CN1CCc2nc(C(=O)N[C@@H]3C[C@@H](C(=O)N(C)C)CC[C@H]3OS(C)(=O)=O)sc2C1>>CN1CCc2nc(C(=O)N[C@@H]3C[C@@H](C(=O)N(C)C)CC[C@@H]3N=[N+]=[N-])sc2C1,Scheme 7,1
acs.oprd.3c00189,OPRD-100,CPELXLSAUQHCOX-UHFFFAOYSA-M.HHEDGPYDVXTDSR-XLPZGREQSA-O.MIGUGRFMZPJDFP-UHFFFAOYSA-N.VEXZGXHMUGYJMC-UHFFFAOYSA-M>>ASLVAQVDESFAEH-CYZMBNFOSA-N,CN(C)C(=O)[C@H]1CC[C@@H](O)[C@H]([NH3+])C1.C[NH+]1[CH-]Cc2nc(C(=O)O)sc2C1.[Br-].[Cl-]>>CN1CCc2nc(C(=O)N[C@@H]3C[C@@H](C(=O)N(C)C)CC[C@H]3O)sc2C1,Scheme 6,1
acs.oprd.3c00189,OPRD-100,CPELXLSAUQHCOX-UHFFFAOYSA-M.HHEDGPYDVXTDSR-XLPZGREQSA-O.MIGUGRFMZPJDFP-UHFFFAOYSA-N.ZAMOUSCENKQFHK-UHFFFAOYSA-N>>ASLVAQVDESFAEH-CYZMBNFOSA-N,CN(C)C(=O)[C@H]1CC[C@@H](O)[C@H]([NH3+])C1.[Br-].C[NH+]1[CH-]Cc2nc(C(=O)O)sc2C1.[Cl]>>CN1CCc2nc(C(=O)N[C@@H]3C[C@@H](C(=O)N(C)C)CC[C@H]3O)sc2C1,Experimental,1
acs.oprd.3c00189,OPRD-100,HIEDNXSBEYNHJB-ZLUOBGJFSA-N>>APTADHGCVGEOLE-QJPTWQEYSA-N,O=C1O[C@H]2C[C@@H]1CC[C@@H]2Br>>CN(C)C(=O)[C@H]1CC[C@@H](OS(C)(=O)=O)[C@H](NC(=O)OC(C)(C)C)C1,Scheme 1,1
acs.oprd.3c00189,OPRD-100,HIEDNXSBEYNHJB-ZLUOBGJFSA-N>>CPELXLSAUQHCOX-UHFFFAOYSA-M.HHEDGPYDVXTDSR-XLPZGREQSA-O,O=C1O[C@H]2C[C@@H]1CC[C@@H]2Br>>CN(C)C(=O)[C@H]1CC[C@@H](O)[C@H]([NH3+])C1.[Br-],"Experimental, Scheme 5",2
acs.oprd.3c00189,OPRD-100,HIEDNXSBEYNHJB-ZLUOBGJFSA-N>>LSKOADYNXKBDTP-HBNTYKKESA-N,O=C1O[C@H]2C[C@@H]1CC[C@@H]2Br>>CN(C)C(=O)[C@H]1CC[C@@H](O)[C@H](NC(=O)OC(C)(C)C)C1,Experimental,1
acs.oprd.3c00189,OPRD-100,HIEDNXSBEYNHJB-ZLUOBGJFSA-N>>MSXBNKGCQBFGTC-QJPTWQEYSA-N,O=C1O[C@H]2C[C@@H]1CC[C@@H]2Br>>CN(C)C(=O)[C@H]1CC[C@@H](OS(C)(=O)=O)[C@H](NS(=O)(=O)NC(=O)OC(C)(C)C)C1,Scheme 2,1
acs.oprd.3c00189,OPRD-100,JCHIBKSSZNWERE-GARJFASQSA-O.MUBZPKHOEPUJKR-UHFFFAOYSA-M>>YJDLJNAWLBVIRF-AEGPPILISA-N,CN(C)C(=O)[C@H]1CC[C@H]([NH3+])[C@H](NC(=O)OC(C)(C)C)C1.O=C([O-])C(=O)O>>CN(C)C(=O)[C@H]1CC[C@H](NC(=O)C(=O)Nc2ccc(Cl)cn2)[C@H](NC(=O)OC(C)(C)C)C1,Scheme 1,1
acs.oprd.3c00189,OPRD-100,LSKOADYNXKBDTP-HBNTYKKESA-N>>APTADHGCVGEOLE-QJPTWQEYSA-N,CN(C)C(=O)[C@H]1CC[C@@H](O)[C@H](NC(=O)OC(C)(C)C)C1>>CN(C)C(=O)[C@H]1CC[C@@H](OS(C)(=O)=O)[C@H](NC(=O)OC(C)(C)C)C1,Scheme 3,1
acs.oprd.3c00189,OPRD-100,LSKOADYNXKBDTP-HBNTYKKESA-N>>JCHIBKSSZNWERE-GARJFASQSA-N,CN(C)C(=O)[C@H]1CC[C@@H](O)[C@H](NC(=O)OC(C)(C)C)C1>>CN(C)C(=O)[C@H]1CC[C@H](N)[C@H](NC(=O)OC(C)(C)C)C1,Experimental,1
acs.oprd.3c00189,OPRD-100,LSKOADYNXKBDTP-HBNTYKKESA-N>>JCHIBKSSZNWERE-GARJFASQSA-O.MUBZPKHOEPUJKR-UHFFFAOYSA-M,CN(C)C(=O)[C@H]1CC[C@@H](O)[C@H](NC(=O)OC(C)(C)C)C1>>CN(C)C(=O)[C@H]1CC[C@H]([NH3+])[C@H](NC(=O)OC(C)(C)C)C1.O=C([O-])C(=O)O,Table 2,1
acs.oprd.3c00189,OPRD-100,LSKOADYNXKBDTP-HBNTYKKESA-N>>LVJZCKRMMBTVNC-GARJFASQSA-N.LVJZCKRMMBTVNC-HBNTYKKESA-N.QKCFQXNHVPKJIR-IVDZQTEMSA-N.RPNUNKMMDDDWNI-QWRGUYRKSA-N,CN(C)C(=O)[C@H]1CC[C@@H](O)[C@H](NC(=O)OC(C)(C)C)C1>>CN(C)C(=O)[C@H]1CC[C@H](N=[N+]=[N-])[C@H](NC(=O)OC(C)(C)C)C1.CN(C)C(=O)[C@H]1CC[C@@H](N=[N+]=[N-])[C@H](NC(=O)OC(C)(C)C)C1.CN(C)C(=O)[C@H]1CC[C@H]2[C@@H](C1)N2C(=O)OC(C)(C)C.CN(C)C(=O)[C@H]1CC=C[C@H](NC(=O)OC(C)(C)C)C1,Table 1,1
acs.oprd.3c00189,OPRD-100,LSQWUGYWDZRKNW-UHFFFAOYSA-N.MIOPJNTWMNEORI-UHFFFAOYSA-M.QJVMDGXTANLPMW-GMXVVIOVSA-O>>HGVDHZBSSITLCT-JLJPHGGASA-N,CN1CCc2nc(C(=O)N[C@@H]3C[C@@H](C(=O)N(C)C)CC[C@@H]3[NH3+])sc2C1.CC1(C)C2CCC1(CS(=O)(=O)[O-])C(=O)C2.CCOC(=O)C(=O)Nc1ccc(Cl)cn1>>CN1CCc2nc(C(=O)N[C@@H]3C[C@@H](C(=O)N(C)C)CC[C@@H]3NC(=O)C(=O)Nc3ccc(Cl)cn3)sc2C1,"Experimental, Scheme 8",2
acs.oprd.3c00189,OPRD-100,LSQWUGYWDZRKNW-UHFFFAOYSA-N.MUBZPKHOEPUJKR-UHFFFAOYSA-M.QJVMDGXTANLPMW-GMXVVIOVSA-O>>HGVDHZBSSITLCT-JLJPHGGASA-N,CN1CCc2nc(C(=O)N[C@@H]3C[C@@H](C(=O)N(C)C)CC[C@@H]3[NH3+])sc2C1.O=C([O-])C(=O)O.CCOC(=O)C(=O)Nc1ccc(Cl)cn1>>CN1CCc2nc(C(=O)N[C@@H]3C[C@@H](C(=O)N(C)C)CC[C@@H]3NC(=O)C(=O)Nc3ccc(Cl)cn3)sc2C1,Experimental,1
acs.oprd.3c00189,OPRD-100,MSXBNKGCQBFGTC-QJPTWQEYSA-N>>JCHIBKSSZNWERE-JRUYECLLSA-O.MUBZPKHOEPUJKR-UHFFFAOYSA-M,CN(C)C(=O)[C@H]1CC[C@@H](OS(C)(=O)=O)[C@H](NS(=O)(=O)NC(=O)OC(C)(C)C)C1>>CN(C)C(=O)[C@H]1CCC([NH3+])[C@@H](NC(=O)OC(C)(C)C)C1.O=C([O-])C(=O)O,Scheme 2,1
acs.oprd.3c00189,OPRD-100,QJVMDGXTANLPMW-GMXVVIOVSA-N>>JOXIMZWYDAKGHI-UHFFFAOYSA-M.QJVMDGXTANLPMW-GMXVVIOVSA-O,CN1CCc2nc(C(=O)N[C@@H]3C[C@@H](C(=O)N(C)C)CC[C@@H]3N)sc2C1>>CN1CCc2nc(C(=O)N[C@@H]3C[C@@H](C(=O)N(C)C)CC[C@@H]3[NH3+])sc2C1.Cc1ccc(S(=O)(=O)[O-])cc1,Experimental,1
op000040n,OPRD-100,DPVHBXFSKLKYIQ-UHFFFAOYSA-N>>HMMWEJUBAXMERM-UHFFFAOYSA-N,CC(C#N)(c1ccccc1)c1ccccc1>>CC(C=O)(c1ccccc1)c1ccccc1,scheme 6,1
op000040n,OPRD-100,HMMWEJUBAXMERM-UHFFFAOYSA-N>>RJUDROONFFKPJA-UHFFFAOYSA-N,CC(C=O)(c1ccccc1)c1ccccc1>>CC(c1ccccc1)(c1ccccc1)C(O)C#N,scheme 6,1
op000040n,OPRD-100,INQIVJHBJNZHFC-CQSZACIVSA-M.PINPOEWMCLFRRB-LURJTMIESA-O.ZHPSNGCLCHWTRG-UHFFFAOYSA-N>>IUOKTIGWXRJRIQ-LJQANCHMSA-N,CC(c1ccccc1)(c1ccccc1)[C@H](O)C(=O)[O-].C[C@H]([NH3+])c1ccc(Cl)cc1.Cc1cc(C)nc(S(C)(=O)=O)n1>>Cc1cc(C)nc(O[C@H](C(=O)O)C(C)(c2ccccc2)c2ccccc2)n1,"experimental, scheme 6, scheme 8",3
op000040n,OPRD-100,INQIVJHBJNZHFC-UHFFFAOYSA-N.PINPOEWMCLFRRB-LURJTMIESA-N>>INQIVJHBJNZHFC-CQSZACIVSA-M.PINPOEWMCLFRRB-LURJTMIESA-O,CC(c1ccccc1)(c1ccccc1)C(O)C(=O)O.C[C@H](N)c1ccc(Cl)cc1>>CC(c1ccccc1)(c1ccccc1)[C@H](O)C(=O)[O-].C[C@H]([NH3+])c1ccc(Cl)cc1,"experimental, scheme 6, scheme 8",3
op000040n,OPRD-100,ITDVJJVNAASTRS-UHFFFAOYSA-N.PINPOEWMCLFRRB-LURJTMIESA-O.RQJWOLFMWKZKCJ-CQSZACIVSA-M>>FEJVSJIALLTFRP-LJQANCHMSA-N,COC(c1ccccc1)(c1ccccc1)[C@H](O)C(=O)[O-].C[C@H]([NH3+])c1ccc(Cl)cc1.COc1cc(OC)nc(S(C)(=O)=O)n1>>COc1cc(OC)nc(O[C@H](C(=O)O)C(OC)(c2ccccc2)c2ccccc2)n1,"experimental, scheme 2 AND Text",2
op000040n,OPRD-100,PINPOEWMCLFRRB-LURJTMIESA-N.RQJWOLFMWKZKCJ-UHFFFAOYSA-N>>PINPOEWMCLFRRB-LURJTMIESA-O.RQJWOLFMWKZKCJ-CQSZACIVSA-M,COC(c1ccccc1)(c1ccccc1)C(O)C(=O)O.C[C@H](N)c1ccc(Cl)cc1>>COC(c1ccccc1)(c1ccccc1)[C@H](O)C(=O)[O-].C[C@H]([NH3+])c1ccc(Cl)cc1,scheme 2,1
op000040n,OPRD-100,RDCBDWDNFBAQJQ-UHFFFAOYSA-N>>ILIMURZDNWIXFH-UHFFFAOYSA-N,COC(=O)C1CC1(c1ccccc1)c1ccccc1>>COC(=O)C(O)C(C)(c1ccccc1)c1ccccc1,"experimental, scheme 8 AND Text",2
op000040n,OPRD-100,RDCBDWDNFBAQJQ-UHFFFAOYSA-N>>ILIMURZDNWIXFH-UHFFFAOYSA-N.OATZMWCNULWKMS-UHFFFAOYSA-N,COC(=O)C1CC1(c1ccccc1)c1ccccc1>>COC(=O)C(O)C(C)(c1ccccc1)c1ccccc1.COC(=O)C(C)C(O)(c1ccccc1)c1ccccc1,table 1,1
op000040n,OPRD-100,WHYZSISPOATNIY-HSZRJFAPSA-N.ZHPSNGCLCHWTRG-UHFFFAOYSA-N>>CLSJNXXMIVKULC-MUUNZHRXSA-N,COc1ccc(CCOC(c2ccccc2)(c2ccccc2)[C@H](O)C(=O)O)cc1OC.Cc1cc(C)nc(S(C)(=O)=O)n1>>COc1ccc(CCOC(c2ccccc2)(c2ccccc2)[C@H](Oc2nc(C)cc(C)n2)C(=O)O)cc1OC,"experimental, scheme 5",2
op000209x,OPRD-100,FXGFTRJVJDNNKL-CKZMXGJVSA-N.LKIJXXMXCVIFQO-CKZMXGJVSA-N>>RANSNKOSWWZYEJ-KQYNXXCUSA-N,CC(=O)O[C@@H]1[C@@H](Br)[C@@H](COC2(C)OC(=O)C(C)(C)O2)O[C@H]1n1cnc2c(N)ncnc21.CC(=O)O[C@H]1[C@H](Br)[C@H](n2cnc3c(N)ncnc32)O[C@@H]1COC1(C)OC(=O)C(C)(C)O1>>Nc1ncnc2c1ncn2[C@@H]1O[C@H](CO)[C@H]2O[C@H]21,scheme 1 AND Text,1
op000209x,OPRD-100,LKIJXXMXCVIFQO-CKZMXGJVSA-N>>DKKUKWCWPHAUSJ-SIQBYVADSA-N.LUSRIZOJDPPIHV-GQTRHBFLSA-N,CC(=O)O[C@@H]1[C@@H](Br)[C@@H](COC2(C)OC(=O)C(C)(C)O2)O[C@H]1n1cnc2c(N)ncnc21>>CC(=O)O[C@@H]1C[C@@H](COC2(C)OC(=O)C(C)(C)O2)O[C@H]1n1cnc2c(N)ncnc21.Nc1ncnc2c1ncn2[C@@H]1O[C@H](CO)[C@H](Br)[C@H]1O,scheme 1 AND Text,1
op000209x,OPRD-100,LKIJXXMXCVIFQO-CKZMXGJVSA-N>>LUSRIZOJDPPIHV-GQTRHBFLSA-N,CC(=O)O[C@@H]1[C@@H](Br)[C@@H](COC2(C)OC(=O)C(C)(C)O2)O[C@H]1n1cnc2c(N)ncnc21>>Nc1ncnc2c1ncn2[C@@H]1O[C@H](CO)[C@H](Br)[C@H]1O,"experimental, scheme 2",2
op000209x,OPRD-100,LUSRIZOJDPPIHV-GQTRHBFLSA-N>>OFEZSBMBBKLLBJ-BAJZRUMYSA-N,Nc1ncnc2c1ncn2[C@@H]1O[C@H](CO)[C@H](Br)[C@H]1O>>Nc1ncnc2c1ncn2[C@@H]1O[C@H](CO)C[C@H]1O,"experimental, text",2
op000209x,OPRD-100,OIRDTQYFTABQOQ-KQYNXXCUSA-N>>FXGFTRJVJDNNKL-CKZMXGJVSA-N.LKIJXXMXCVIFQO-CKZMXGJVSA-N,Nc1ncnc2c1ncn2[C@@H]1O[C@H](CO)[C@@H](O)[C@H]1O>>CC(=O)O[C@@H]1[C@@H](Br)[C@@H](COC2(C)OC(=O)C(C)(C)O2)O[C@H]1n1cnc2c(N)ncnc21.CC(=O)O[C@H]1[C@H](Br)[C@H](n2cnc3c(N)ncnc32)O[C@@H]1COC1(C)OC(=O)C(C)(C)O1,scheme 1 AND Text,1
op000209x,OPRD-100,OIRDTQYFTABQOQ-KQYNXXCUSA-N>>LKIJXXMXCVIFQO-CKZMXGJVSA-N,Nc1ncnc2c1ncn2[C@@H]1O[C@H](CO)[C@@H](O)[C@H]1O>>CC(=O)O[C@@H]1[C@@H](Br)[C@@H](COC2(C)OC(=O)C(C)(C)O2)O[C@H]1n1cnc2c(N)ncnc21,experimental,1
op000209x,OPRD-100,RANSNKOSWWZYEJ-KQYNXXCUSA-N>>OFEZSBMBBKLLBJ-BAJZRUMYSA-N,Nc1ncnc2c1ncn2[C@@H]1O[C@H](CO)[C@H]2O[C@H]21>>Nc1ncnc2c1ncn2[C@@H]1O[C@H](CO)C[C@H]1O,scheme 1 AND Text,1
op000209x,OPRD-100,SVSXZCPHWQODNT-HKVXXOOPSA-N>>FXGFTRJVJDNNKL-CKZMXGJVSA-N.GFFGJBXGBJISGV-UHFFFAOYSA-N.LKIJXXMXCVIFQO-CKZMXGJVSA-N,CC1(OC[C@H]2O[C@@H](n3cnc4c(N)ncnc43)[C@H](OC3(C)OC(=O)C(C)(C)O3)[C@@H]2O)OC(=O)C(C)(C)O1>>CC(=O)O[C@@H]1[C@@H](Br)[C@@H](COC2(C)OC(=O)C(C)(C)O2)O[C@H]1n1cnc2c(N)ncnc21.CC(=O)O[C@H]1[C@H](Br)[C@H](n2cnc3c(N)ncnc32)O[C@@H]1COC1(C)OC(=O)C(C)(C)O1.Nc1ncnc2[nH]cnc12,scheme 3,1
op0102159,OPRD-100,BGTOWKSIORTVQH-UHFFFAOYSA-N>>UBMYYGXGMPGCBO-UHFFFAOYSA-N,O=C1CCCC1>>C[Si](C)(C)OC1=CCCC1,scheme 2,1
op0102159,OPRD-100,CGZZMOTZOONQIA-UHFFFAOYSA-N>>CUPUHWFXOULUCT-UHFFFAOYSA-N,O=C1CCCCCC1>>BrC1CCCCCC12OCCO2,scheme 1,1
op0102159,OPRD-100,CQAUTOXIUPPFQV-UHFFFAOYSA-N>>DKRMZZKWLJZOIL-UHFFFAOYSA-N,C1=CC2(CCCC1)OCCO2>>OC1CCCCC2(C1)OCCO2,scheme 1,1
op0102159,OPRD-100,CUPUHWFXOULUCT-UHFFFAOYSA-N>>CQAUTOXIUPPFQV-UHFFFAOYSA-N,BrC1CCCCCC12OCCO2>>C1=CC2(CCCC1)OCCO2,scheme 1,1
op0102159,OPRD-100,DBOVMTXPZWVYAQ-UHFFFAOYSA-N>>KLTLTGMZUJULIT-UHFFFAOYSA-N,O=C1CCCCC(=O)C1>>CCOC(=O)C1(O)COC2=C1C(=O)CCCC2,"scheme 1, scheme 2",2
op0102159,OPRD-100,DKRMZZKWLJZOIL-UHFFFAOYSA-N>>TTYIGJNHOYVTTF-UHFFFAOYSA-N,OC1CCCCC2(C1)OCCO2>>O=C1CCCCC2(C1)OCCO2,scheme 1,1
op0102159,OPRD-100,GCJNKUVNVDUAOL-UHFFFAOYSA-N>>RXBDRKQYERNZJH-UHFFFAOYSA-N,COC(=O)CCCCC(=O)CC(=O)OC>>O=C(O)CCCCc1occ(C(=O)O)c1C(=O)O,"experimental, scheme 5",2
op0102159,OPRD-100,IBMRTYCHDPMBFN-UHFFFAOYSA-N.LOFDXZJSDVCYAS-UHFFFAOYSA-N>>UPEWEFGUWUGNQK-UHFFFAOYSA-N,CCOC(=O)c1ccoc1.COC(=O)CCCC(=O)O>>O=C(O)CCCC(=O)C1=CC(C(=O)O)=CC1,"experimental, scheme 14",2
op0102159,OPRD-100,IHCCAYCGZOLTEU-UHFFFAOYSA-N>>LOFDXZJSDVCYAS-UHFFFAOYSA-N,O=C(O)c1ccoc1>>CCOC(=O)c1ccoc1,experimental,1
op0102159,OPRD-100,REKJOKODQNCPPX-UHFFFAOYSA-N>>NMSRWFPYWOZEKY-UHFFFAOYSA-N.QGJSTYAWXDPLEI-UHFFFAOYSA-N,COC(=O)c1coc2c1C(O[Si](C)(C)C)=CCC2>>COC(=O)c1coc2c1C(=O)C(Cl)=CCC2.COC(=O)c1coc2ccccc(=O)c12,"experimental, scheme 9 AND Text",2
op0102159,OPRD-100,RXBDRKQYERNZJH-UHFFFAOYSA-N>>CCJSGRYMJVZVMZ-UHFFFAOYSA-N,O=C(O)CCCCc1occ(C(=O)O)c1C(=O)O>>COC(=O)CCCCc1occ(C(=O)OC)c1C(=O)OC,"experimental, scheme 5",2
op0102159,OPRD-100,TTYIGJNHOYVTTF-UHFFFAOYSA-N>>DBOVMTXPZWVYAQ-UHFFFAOYSA-N,O=C1CCCCC2(C1)OCCO2>>O=C1CCCCC(=O)C1,scheme 1,1
op0102159,OPRD-100,UBMYYGXGMPGCBO-UHFFFAOYSA-N>>IAKDSPOTXLPECE-UHFFFAOYSA-N,C[Si](C)(C)OC1=CCCC1>>C[Si](C)(C)OC12CCCC1C(=O)C2(Cl)Cl,scheme 2,1
op0102159,OPRD-100,UPEWEFGUWUGNQK-UHFFFAOYSA-N>>SOSIGXCXZAHLFZ-UHFFFAOYSA-N,O=C(O)CCCC(=O)C1=CC(C(=O)O)=CC1>>O=C(O)CCCCc1cc(C(=O)O)co1,"experimental, scheme 14",2
op0102159,OPRD-100,WVGSJFWBCHPSBE-UHFFFAOYSA-N>>LKWPTYJNRCGQPV-UHFFFAOYSA-N,O=CCCCCc1ccco1>>CCOC(=O)C#CC(O)CCCCc1ccco1,"experimental, scheme 12",2
op0102159,OPRD-100,ZIAUHZZEQJMNFE-UHFFFAOYSA-N>>UOVNHGHFQWPDKD-UHFFFAOYSA-N,CCOC(=O)c1coc(C(=O)CCCC(=O)OC)c1>>CCOC(=O)CCCC(O)c1cc(C(=O)OCC)co1,"experimental, scheme 15",2
op0102159,OPRD-100,ZTNHBZUIYVZGPW-UHFFFAOYSA-N>>AEHPACCCTKUDCZ-UHFFFAOYSA-N,CCOC(=O)CCCCC(=O)CC(=O)OCC>>CCOC(=O)CC(=O)C1CCCC1=O,scheme 6,1
op0102159,OPRD-100,ZUJPFGJZTCKZGG-UHFFFAOYSA-N>>CZKHQHSCCSXIRA-UHFFFAOYSA-N.REKJOKODQNCPPX-UHFFFAOYSA-N,COC(=O)c1coc2c1C(=O)CCC2>>COC(=O)c1coc2c1C(O[Si](C)(C)C)=CCC2.COC(=O)c1coc2c1=C(O[Si](C)(C)C)CCC=2,scheme 8,1
op0102159,OPRD-100,ZUJPFGJZTCKZGG-UHFFFAOYSA-N>>REKJOKODQNCPPX-UHFFFAOYSA-N,COC(=O)c1coc2c1C(=O)CCC2>>COC(=O)c1coc2c1C(O[Si](C)(C)C)=CCC2,"experimental, scheme 8",2
op0000733,OPRD-100,AFVFQIVMOAPDHO-UHFFFAOYSA-N.ZHXAZZQXWJJBHA-UHFFFAOYSA-N>>MNMKEULGSNUTIA-UHFFFAOYSA-K.XLYOFNOQVPJJNP-UHFFFAOYSA-N,CS(=O)(=O)O.c1ccc([Bi](c2ccccc2)c2ccccc2)cc1>>CS(=O)(=O)O[Bi](OS(C)(=O)=O)OS(C)(=O)=O.O,scheme 1,1
op0000733,OPRD-100,DFRULCMYMKGXDA-UHFFFAOYSA-N.YUKILTJWFRTXGB-UHFFFAOYSA-N>>OXIZYRVHYXELLR-UHFFFAOYSA-N,COc1cccc(Cl)c1.CCOC(=O)C1OC(C(=O)OCC)OC(C(=O)OCC)O1>>CCOC(=O)C(c1ccc(OC)c(Cl)c1)c1ccc(OC)cc1Cl,"experimental, scheme 2",2
op0000733,OPRD-100,ITMCEJHCFYSIIV-UHFFFAOYSA-N.ZHXAZZQXWJJBHA-UHFFFAOYSA-N>>NYENCOMLZDQKNH-UHFFFAOYSA-K.XLYOFNOQVPJJNP-UHFFFAOYSA-N,O=S(=O)(O)C(F)(F)F.c1ccc([Bi](c2ccccc2)c2ccccc2)cc1>>O=S(=O)(O[Bi](OS(=O)(=O)C(F)(F)F)OS(=O)(=O)C(F)(F)F)C(F)(F)F.O,"experimental, scheme 1",2
op0000733,OPRD-100,OXIZYRVHYXELLR-UHFFFAOYSA-N>>CGFCKPWPXHKFPU-UHFFFAOYSA-N,CCOC(=O)C(c1ccc(OC)c(Cl)c1)c1ccc(OC)cc1Cl>>CC(c1ccc(O)cc1Cl)c1ccc(O)cc1Cl,experimental,1
op0000733,OPRD-100,OXIZYRVHYXELLR-UHFFFAOYSA-N>>WIBGJGPLJGXPSO-UHFFFAOYSA-N,CCOC(=O)C(c1ccc(OC)c(Cl)c1)c1ccc(OC)cc1Cl>>COc1ccc(C(C)c2ccc(OC)c(Cl)c2)c(Cl)c1,scheme 2,1
op0000733,OPRD-100,WIBGJGPLJGXPSO-UHFFFAOYSA-N>>CGFCKPWPXHKFPU-UHFFFAOYSA-N,COc1ccc(C(C)c2ccc(OC)c(Cl)c2)c(Cl)c1>>CC(c1ccc(O)cc1Cl)c1ccc(O)cc1Cl,scheme 2,1
op9802125,OPRD-100,FNIIFKFHFMIVRU-UHFFFAOYSA-N>>DUTAVGHEWUFEPA-UHFFFAOYSA-N.LNZXCBFPKNCHMT-UHFFFAOYSA-N.ODLFFSHLXVZFPY-UHFFFAOYSA-N,CC(=O)c1cc(Cl)sc1SCl>>CC(=O)c1cc(Cl)sc1SN.CC(=O)c1cc(Cl)sc1S(N)=O.CC(=O)c1cc(Cl)sc1S(N)(=O)=O,scheme 3,1
op9802125,OPRD-100,FNIIFKFHFMIVRU-UHFFFAOYSA-N>>SHTYNFGOUYLYNE-UHFFFAOYSA-N,CC(=O)c1cc(Cl)sc1SCl>>COCCNSc1sc(Cl)cc1C(C)=O,scheme 1,1
op9802125,OPRD-100,GDUDCNXVKGAWHR-CQSZACIVSA-N>>DAZJARCPINANMQ-SNVBAGLBSA-N,COCCN1C[C@@H](O)c2cc(SCc3ccccc3)sc2S1(=O)=O>>COCCN1C[C@@H](O)c2cc(S(=O)(=O)NC(C)(C)C)sc2S1(=O)=O,scheme 1,1
op9802125,OPRD-100,GDUDCNXVKGAWHR-CQSZACIVSA-N>>RQZDKKSOEDBQAS-SSDOTTSWSA-N,COCCN1C[C@@H](O)c2cc(SCc3ccccc3)sc2S1(=O)=O>>COCCN1C[C@@H](O)c2cc(S(N)(=O)=O)sc2S1(=O)=O,scheme 1 AND Text,1
op9802125,OPRD-100,GYFDNIRENHZKGR-UHFFFAOYSA-N>>REGHIPPKDCMIBD-UHFFFAOYSA-N,CC(=O)c1cc(Cl)sc1Cl>>CC(=O)c1cc(Cl)sc1SCc1ccccc1,"experimental, scheme 1 AND Text",2
op9802125,OPRD-100,OFJGKGNJDCLNPM-SCSAIBSYSA-N>>FMNGDEKOOMHKNT-MRVPVSSYSA-N,O=S1(=O)NC[C@@H](O)c2cc(Cl)sc21>>COCCCN1C[C@@H](O)c2cc(Cl)sc2S1(=O)=O,"experimental, scheme 3 AND Text",2
op9802125,OPRD-100,RPDGCHLQZLLNKH-SNVBAGLBSA-N>>XACIEZJJSXJZMD-VIFPVBQESA-N,COCCN1C[C@@H](O)c2cc(S(=O)(=O)N=C(C)OC)sc2S1(=O)=O>>CCN[C@H]1CN(CCOC)S(=O)(=O)c2sc(S(N)(=O)=O)cc21,scheme 2,1
op9802125,OPRD-100,RQZDKKSOEDBQAS-SSDOTTSWSA-N>>RPDGCHLQZLLNKH-SNVBAGLBSA-N,COCCN1C[C@@H](O)c2cc(S(N)(=O)=O)sc2S1(=O)=O>>COCCN1C[C@@H](O)c2cc(S(=O)(=O)N=C(C)OC)sc2S1(=O)=O,scheme 2,1
op9802125,OPRD-100,SHTYNFGOUYLYNE-UHFFFAOYSA-N>>OWAGSOGIDXVFEM-UHFFFAOYSA-N,COCCNSc1sc(Cl)cc1C(C)=O>>COCCNS(=O)(=O)c1sc(Cl)cc1C(C)=O,scheme 1 AND Text,1
op9802125,OPRD-100,SVEQVOJCOFENIS-SSDOTTSWSA-N>>GDUDCNXVKGAWHR-CQSZACIVSA-N,COCCN1C[C@@H](O)c2cc(Cl)sc2S1(=O)=O>>COCCN1C[C@@H](O)c2cc(SCc3ccccc3)sc2S1(=O)=O,scheme 1 AND Text,1
op9802125,OPRD-100,UHIWBQIWXWWDKT-MRVPVSSYSA-N>>NGMFMGBINCLKCA-LLVKDONJSA-N,COCCCN1C[C@@H](O)c2cc(S(N)(=O)=O)sc2S1(=O)=O>>COCCCN1C[C@@H](O)c2cc(S(=O)(=O)N=C(C)OC)sc2S1(=O)=O,scheme 2,1
op9802125,OPRD-100,WMYGKFRPRGAFDT-UHFFFAOYSA-N>>OWAGSOGIDXVFEM-UHFFFAOYSA-N,CC(=O)c1cc(Cl)sc1S(=O)(=O)Cl>>COCCNS(=O)(=O)c1sc(Cl)cc1C(C)=O,scheme 1,1
op8002213,OPRD-100,FPWAUNJOQBHWTF-UHFFFAOYSA-N.FXBAWZXKSQTWAE-VIFPVBQESA-O.JOXIMZWYDAKGHI-UHFFFAOYSA-M>>IKEXWBCPNKGNNS-ZDUSSCGKSA-N,CC(C)(C)OC(=O)NCC(=O)n1ccnc1.Cc1ccc(S(=O)(=O)[O-])cc1.CCOC(=O)C[C@H]([NH3+])c1cc(Cl)cc(Br)c1O>>CCOC(=O)C[C@H](NC(=O)CNC(=O)OC(C)(C)C)c1cc(Cl)cc(Br)c1O,Text and Table 2,1
op8002213,OPRD-100,FXBAWZXKSQTWAE-VIFPVBQESA-O.JOXIMZWYDAKGHI-UHFFFAOYSA-M.PFKFTWBEEFSNDU-UHFFFAOYSA-N.VRPJIFMKZZEXLR-UHFFFAOYSA-N>>IKEXWBCPNKGNNS-ZDUSSCGKSA-N.KFLSYBAPSYEOOG-KRWDZBQOSA-N,CC(C)(C)OC(=O)NCC(=O)O.Cc1ccc(S(=O)(=O)[O-])cc1.CCOC(=O)C[C@H]([NH3+])c1cc(Cl)cc(Br)c1O.O=C(n1ccnc1)n1ccnc1>>CCOC(=O)C[C@H](NC(=O)CNC(=O)OC(C)(C)C)c1cc(Cl)cc(Br)c1OC(=O)CNC(=O)OC(C)(C)C.CCOC(=O)C[C@H](NC(=O)CNC(=O)OC(C)(C)C)c1cc(Cl)cc(Br)c1O,Experimental Section,1
op8002213,OPRD-100,FXBAWZXKSQTWAE-VIFPVBQESA-O.JOXIMZWYDAKGHI-UHFFFAOYSA-M.PFKFTWBEEFSNDU-UHFFFAOYSA-N>>IOVPFCSZKDSPKB-VIFPVBQESA-N,Cc1ccc(S(=O)(=O)[O-])cc1.CCOC(=O)C[C@H]([NH3+])c1cc(Cl)cc(Br)c1O.O=C(n1ccnc1)n1ccnc1>>CCOC(=O)C[C@@H]1NC(=O)Oc2c(Br)cc(Cl)cc21,Experimental Section,1
op8002213,OPRD-100,PFKFTWBEEFSNDU-UHFFFAOYSA-N.VRPJIFMKZZEXLR-UHFFFAOYSA-N>>IKEXWBCPNKGNNS-ZDUSSCGKSA-N,O=C(n1ccnc1)n1ccnc1.CC(C)(C)OC(=O)NCC(=O)O>>CCOC(=O)C[C@H](NC(=O)CNC(=O)OC(C)(C)C)c1cc(Cl)cc(Br)c1O,Experimental Section,1
op8002213,OPRD-100,PFKFTWBEEFSNDU-UHFFFAOYSA-N.VRPJIFMKZZEXLR-UHFFFAOYSA-N>>IKEXWBCPNKGNNS-ZDUSSCGKSA-N.KFLSYBAPSYEOOG-KRWDZBQOSA-N,CC(C)(C)OC(=O)NCC(=O)O.O=C(n1ccnc1)n1ccnc1>>CCOC(=O)C[C@H](NC(=O)CNC(=O)OC(C)(C)C)c1cc(Cl)cc(Br)c1O.CCOC(=O)C[C@H](NC(=O)CNC(=O)OC(C)(C)C)c1cc(Cl)cc(Br)c1OC(=O)CNC(=O)OC(C)(C)C,Text and Scheme 2,1
acs.oprd.7b00046,OPRD-100,DIXZXRYQFUJJSC-KRWDZBQOSA-N.NJXPYZHXZZCTNI-UHFFFAOYSA-N>>YEBLZTWALSQZMT-DHIUTWEWSA-N.YEBLZTWALSQZMT-XZOQPEGZSA-N,CC(CN1C(c2c(C([C@H]1c3sccc3)=C=O)cccc2)=O)C.N#Cc4cc(N)ccc4>>CC(CN5C(c6c([C@H]([C@H]5c7sccc7)C(Nc8cc(C#N)ccc8)=O)cccc6)=O)C.CC(CN9C(c%10c([C@@H]([C@H]9c%11sccc%11)C(Nc%12cc(C#N)ccc%12)=O)cccc%10)=O)C,Scheme 2,1
acs.oprd.7b00046,OPRD-100,FLMAYNNKDFXEDI-CVEARBPZSA-N.OLCMNCWEUMBNIS-UHFFFAOYSA-N>>GRMNHCJHARPYRW-BJKOFHAPSA-N,CC(CN1C(c2c([C@H]([C@@H]1c3sccc3)C(O)=O)cccc2)=O)C.COc4c(N)cc(Cl)c(OC)c4>>COc5c(Cl)cc(NC([C@H]6c7c(C(N([C@@H]6c8sccc8)CC(C)C)=O)cccc7)=O)c(OC)c5,Experimental,1
acs.oprd.7b00046,OPRD-100,FLMAYNNKDFXEDI-CVEARBPZSA-N>>MLCWEQAXKPKZIQ-KNMHLWOPSA-N,CC(C)CN1C(c2ccccc2[C@@H](C(O)=O)[C@@H]1c3cccs3)=O>>CC(C)CN4C(c5ccccc5C([C@@H]4c6cccs6)=C=C7c8ccccc8C(N(CC(C)C)[C@@H]7c9cccs9)=O)=O,Experimental,1
acs.oprd.7b00046,OPRD-100,FLMAYNNKDFXEDI-HOTGVXAUSA-N>>MLCWEQAXKPKZIQ-KNMHLWOPSA-N,CC(C)CN1C(c2ccccc2[C@H](C(O)=O)[C@@H]1c3cccs3)=O>>CC(C)CN4C(c5ccccc5C([C@@H]4c6cccs6)=C=C7c8ccccc8C(N(CC(C)C)[C@@H]7c9cccs9)=O)=O,Experimental,1
acs.oprd.7b00046,OPRD-100,FLMAYNNKDFXEDI-HZPDHXFCSA-N.NJXPYZHXZZCTNI-UHFFFAOYSA-N>>YEBLZTWALSQZMT-DHIUTWEWSA-N,CC(C)CN1C(c2ccccc2[C@@H](C(O)=O)[C@H]1c3cccs3)=O.N#Cc4cccc(N)c4>>CC(CN5C(c6c([C@H]([C@H]5c7sccc7)C(Nc8cc(C#N)ccc8)=O)cccc6)=O)C,Experimental,1
acs.oprd.7b00046,OPRD-100,FLMAYNNKDFXEDI-HZPDHXFCSA-N.NJXPYZHXZZCTNI-UHFFFAOYSA-N>>YEBLZTWALSQZMT-DHIUTWEWSA-N.YEBLZTWALSQZMT-XZOQPEGZSA-N,CC(CN1C(c2c([C@H]([C@H]1c3sccc3)C(O)=O)cccc2)=O)C.N#Cc4cc(N)ccc4>>CC(CN5C(c6c([C@H]([C@H]5c7sccc7)C(Nc8cc(C#N)ccc8)=O)cccc6)=O)C.CC(CN9C(c%10c([C@@H]([C@H]9c%11sccc%11)C(Nc%12cc(C#N)ccc%12)=O)cccc%10)=O)C,"Table 2, Table 3",2
acs.oprd.7b00046,OPRD-100,FLMAYNNKDFXEDI-HZPDHXFCSA-N>>MLCWEQAXKPKZIQ-KNMHLWOPSA-N,CC(CN1C(c2c([C@H]([C@H]1c3sccc3)C(O)=O)cccc2)=O)C>>CC(CN1C(c2c(C([C@@H]1c3sccc3)=C=C4c5c(C(N([C@@H]4c6sccc6)CC(C)C)=O)cccc5)cccc2)=O)C,Scheme 3,1
acs.oprd.7b00046,OPRD-100,FLMAYNNKDFXEDI-HZPDHXFCSA-N>>YEBLZTWALSQZMT-DHIUTWEWSA-N,CC(CN1C(c2c([C@H]([C@H]1c3sccc3)C(O)=O)cccc2)=O)C>>CC(CN4C(c5c([C@H]([C@H]4c6sccc6)C(Nc7cc(C#N)ccc7)=O)cccc5)=O)C,Scheme 4,1
acs.oprd.7b00046,OPRD-100,FLMAYNNKDFXEDI-JKSUJKDBSA-N.NJXPYZHXZZCTNI-UHFFFAOYSA-N>>YEBLZTWALSQZMT-DHIUTWEWSA-N.YEBLZTWALSQZMT-XZOQPEGZSA-N,CC(CN1C(c2c([C@@H]([C@H]1c3sccc3)C(O)=O)cccc2)=O)C.N#Cc4cc(N)ccc4>>CC(CN5C(c6c([C@@H]([C@H]5c7sccc7)C(Nc8cc(C#N)ccc8)=O)cccc6)=O)C.CC(CN9C(c%10c([C@H]([C@H]9c%11sccc%11)C(Nc%12cc(C#N)ccc%12)=O)cccc%10)=O)C,Table 1,1
acs.oprd.7b00046,OPRD-100,FLMAYNNKDFXEDI-JKSUJKDBSA-N.NJXPYZHXZZCTNI-UHFFFAOYSA-N>>YEBLZTWALSQZMT-XZOQPEGZSA-N,CC(CN1C(c2c([C@@H]([C@H]1c3sccc3)C(O)=O)cccc2)=O)C.N#Cc4cc(N)ccc4>>CC(CN5C(c6c([C@@H]([C@H]5c7sccc7)C(Nc8cc(C#N)ccc8)=O)cccc6)=O)C,Scheme 1,1
acs.oprd.7b00046,OPRD-100,FLMAYNNKDFXEDI-JKSUJKDBSA-N.PAQZWJGSJMLPMG-UHFFFAOYSA-N>>NJAVVRWBKNVWMQ-SCOQEPDCSA-M.ZMANZCXQSJIPKH-UHFFFAOYSA-O,CC(CN1C(c2c([C@@H]([C@H]1c3sccc3)C(O)=O)cccc2)=O)C.CCCP4(OP(CCC)(OP(CCC)(O4)=O)=O)=O>>CCCP([O-])(OP(CCC)(OP(CCC)(OC([C@H]5c6c(C(N([C@@H]5c7sccc7)CC(C)C)=O)cccc6)=O)=O)=O)=O.CC[NH+](CC)CC,Scheme 2,1
acs.oprd.7b00046,OPRD-100,FLMAYNNKDFXEDI-JKSUJKDBSA-N.XQVCBOLNTSUFGD-UHFFFAOYSA-N>>ZVEVUZGCZYQIMB-XZOQPEGZSA-N,CC(CN1C(c2c([C@@H]([C@H]1c3sccc3)C(O)=O)cccc2)=O)C.COc4c(Cl)cc(N)cc4>>COc5c(Cl)cc(NC([C@H]6c7c(C(N([C@@H]6c8sccc8)CC(C)C)=O)cccc7)=O)cc5,Experimental,1
acs.oprd.7b00046,OPRD-100,FLMAYNNKDFXEDI-JKSUJKDBSA-N>>MCTWTZJPVLRJOU-UHFFFAOYSA-O.NJAVVRWBKNVWMQ-SCOQEPDCSA-M,CC(CN1C(c2c([C@@H]([C@H]1c3sccc3)C(O)=O)cccc2)=O)C>>CCCP([O-])(OP(CCC)(OP(CCC)(OC([C@H]4c5c(C(N([C@@H]4c6sccc6)CC(C)C)=O)cccc5)=O)=O)=O)=O.Cn7c[nH+]cc7,Scheme 4,1
acs.oprd.7b00046,OPRD-100,FLMAYNNKDFXEDI-JKSUJKDBSA-N>>MLCWEQAXKPKZIQ-NNZVSEALSA-N,CC(C)CN1C(=O)c2ccccc2[C@H](C(=O)O)[C@H]1c1cccs1>>CC(C)CN1C(=O)c2ccccc2C(=C=C2c3ccccc3C(=O)N(CC(C)C)[C@H]2c2cccs2)[C@@H]1c1cccs1,Scheme 3,1
acs.oprd.7b00046,OPRD-100,HHTRAISBAAXRKZ-UHFFFAOYSA-N.LASDGSRKRVGQHF-NWDGAFQWSA-N>>ZKZZTOXSLJNDHR-RBUKOAKNSA-N,O=C(O)[C@H]1c2ccccc2C(=O)N(CC(F)(F)F)[C@@H]1c1cn[nH]c1.N#Cc1cc(N)ccc1F>>N#Cc1cc(NC(=O)[C@H]2c3ccccc3C(=O)N(CC(F)(F)F)[C@@H]2c2cn[nH]c2)ccc1F,"Experimental, Scheme 1",2
acs.oprd.7b00046,OPRD-100,HHTRAISBAAXRKZ-UHFFFAOYSA-N.PBUPDIAWZXEDNZ-UONOGXRCSA-N>>VKCPFWKTFZAOTO-LEWJYISDSA-N,O=C([C@H]1c2c(C(N([C@@H]1c3cnccc3)CC(F)(F)F)=O)cccc2)O.N#Cc1cc(N)ccc1F>>N#Cc1cc(NC(=O)[C@H]2c3ccccc3C(=O)N(CC(F)(F)F)[C@@H]2c2cccnc2)ccc1F,"Experimental, Scheme 1",2
acs.oprd.7b00046,OPRD-100,MCTWTZJPVLRJOU-UHFFFAOYSA-O.NJAVVRWBKNVWMQ-ZKOFOKHXSA-M>>MCTWTZJPVLRJOU-UHFFFAOYSA-O.MCTWTZJPVLRJOU-UHFFFAOYSA-O.SWNUDOZVVBEEJF-UHFFFAOYSA-L.YEBLZTWALSQZMT-PKTZIBPZSA-N,CCCP([O-])(OP(CCC)(OP(CCC)(OC([C@@H]1c2c(C(N([C@H]1c3sccc3)CC(C)C)=O)cccc2)=O)=O)=O)=O.Cn4c[nH+]cc4>>CC(CN5C(c6c([C@H]([C@@H]5c7sccc7)C(Nc8cc(C#N)ccc8)=O)cccc6)=O)C.CCCP([O-])(OP(CCC)(OP([O-])(CCC)=O)=O)=O.Cn9c[nH+]cc9.Cn%10c[nH+]cc%10,Scheme 4,1
acs.oprd.7b00046,OPRD-100,NJAVVRWBKNVWMQ-ZKOFOKHXSA-M.NJXPYZHXZZCTNI-UHFFFAOYSA-N>>SWNUDOZVVBEEJF-UHFFFAOYSA-L.YEBLZTWALSQZMT-XZOQPEGZSA-N.ZMANZCXQSJIPKH-UHFFFAOYSA-O.ZMANZCXQSJIPKH-UHFFFAOYSA-O,CCCP([O-])(OP(CCC)(OP(CCC)(OC([C@@H]1c2c(C(N([C@H]1c3sccc3)CC(C)C)=O)cccc2)=O)=O)=O)=O.N#Cc4cc(N)ccc4>>CC(CN5C(c6c([C@@H]([C@H]5c7sccc7)C(Nc8cc(C#N)ccc8)=O)cccc6)=O)C.CCCP([O-])(OP(CCC)(OP([O-])(CCC)=O)=O)=O.CC[NH+](CC)CC.CC[NH+](CC)CC,Scheme 2,1
acs.oprd.7b00046,OPRD-100,NJAVVRWBKNVWMQ-ZKOFOKHXSA-M>>DIXZXRYQFUJJSC-KRWDZBQOSA-N.SWNUDOZVVBEEJF-UHFFFAOYSA-L.ZMANZCXQSJIPKH-UHFFFAOYSA-O.ZMANZCXQSJIPKH-UHFFFAOYSA-O,CCCP([O-])(OP(CCC)(OP(CCC)(OC([C@@H]1c2c(C(N([C@H]1c3sccc3)CC(C)C)=O)cccc2)=O)=O)=O)=O>>CC(CN4C(c5c(C([C@H]4c6sccc6)=C=O)cccc5)=O)C.CCCP([O-])(OP(CCC)(OP([O-])(CCC)=O)=O)=O.CC[NH+](CC)CC.CC[NH+](CC)CC,Scheme 2,1
op025504r,OPRD-100,BBMPHERXUYPXDO-UNMCSNQZSA-N.VEXZGXHMUGYJMC-UHFFFAOYSA-N.VEXZGXHMUGYJMC-UHFFFAOYSA-N.VEXZGXHMUGYJMC-UHFFFAOYSA-N>>AXRYRYVKAWYZBR-GASGPIRDSA-N,N[C@@H](Cc1ccccc1)[C@@H](O)CN(N)Cc1ccc(-c2ccccn2)cc1.Cl.Cl.Cl>>COC(=O)N[C@H](C(=O)N[C@@H](Cc1ccccc1)[C@@H](O)CN(Cc1ccc(-c2ccccn2)cc1)NC(=O)[C@@H](NC(=O)OC)C(C)(C)C)C(C)(C)C,Scheme 1,1
op025504r,OPRD-100,GIMJTKJSKPENNG-UHFFFAOYSA-N.NVPOUMXZERMIJK-STQMWFEESA-N>>BBMPHERXUYPXDO-UNMCSNQZSA-N.VEXZGXHMUGYJMC-UHFFFAOYSA-N.VEXZGXHMUGYJMC-UHFFFAOYSA-N.VEXZGXHMUGYJMC-UHFFFAOYSA-N,CC(C)(C)OC(=O)NNCc1ccc(-c2ccccn2)cc1.CC(C)(C)OC(=O)N[C@@H](Cc1ccccc1)[C@@H]1CO1>>N[C@@H](Cc1ccccc1)[C@@H](O)CN(N)Cc1ccc(-c2ccccn2)cc1.Cl.Cl.Cl,Scheme 1,1
op025504r,OPRD-100,KYSDBVSJLBOZDZ-NSOVKSMOSA-N>>VEXZGXHMUGYJMC-UHFFFAOYSA-N.VEXZGXHMUGYJMC-UHFFFAOYSA-N.VEXZGXHMUGYJMC-UHFFFAOYSA-N.YQDMPWKMKZBVRS-DQEYMECFSA-N,CC(C)(C)OC(=O)N[C@@H](Cc1ccccc1)[C@@H](O)CN(Cc1ccc(-c2ccccn2)cc1)NC(=O)OC(C)(C)C>>CC(C)(C)OC(=O)N[C@@H](Cc1ccccc1)[C@@H](O)CN(N)Cc1ccc(-c2ccccn2)cc1.Cl.Cl.Cl,Scheme 5,1
op025504r,OPRD-100,NMLYGLCBSFKJFI-UHFFFAOYSA-N>>PIYYEQIVVRRORO-UHFFFAOYSA-N,O=Cc1ccc(-c2ccccn2)cc1>>CC(C)(C)OC(=O)NN=Cc1ccc(-c2ccccn2)cc1,"Experimental, Scheme 3",2
op025504r,OPRD-100,NPDBDJFLKKQMCM-SCSAIBSYSA-N>>NWPRXAIYBULIEI-RXMQYKEDSA-N,CC(C)(C)[C@H](N)C(=O)O>>COC(=O)N[C@H](C(=O)O)C(C)(C)C,Experimental,1
op025504r,OPRD-100,SIFKOOILPFBRCJ-QWHCGFSZSA-N>>INYKNUYFKVNGOH-RBUKOAKNSA-N,CC(C)(C)OC(=O)N[C@@H](Cc1ccccc1)[C@H](O)CO>>CC(C)(C)OC(=O)N[C@@H](Cc1ccccc1)[C@@H](CO[Si](C)(C)C(C)(C)C)OS(C)(=O)=O,"Experimental, Scheme 4",2
op025504r,OPRD-100,VEXZGXHMUGYJMC-UHFFFAOYSA-N.VEXZGXHMUGYJMC-UHFFFAOYSA-N.VEXZGXHMUGYJMC-UHFFFAOYSA-N.YQDMPWKMKZBVRS-DQEYMECFSA-N>>AXRYRYVKAWYZBR-GASGPIRDSA-N,CC(C)(C)OC(=O)N[C@@H](Cc1ccccc1)[C@@H](O)CN(N)Cc1ccc(-c2ccccn2)cc1.Cl.Cl.Cl>>COC(=O)N[C@H](C(=O)N[C@@H](Cc1ccccc1)[C@@H](O)CN(Cc1ccc(-c2ccccn2)cc1)NC(=O)[C@@H](NC(=O)OC)C(C)(C)C)C(C)(C)C,Scheme 5,1
op025504r,OPRD-100,VXWBQOJISHAKKM-UHFFFAOYSA-N>>NMLYGLCBSFKJFI-UHFFFAOYSA-N,O=Cc1ccc(B(O)O)cc1>>O=Cc1ccc(-c2ccccn2)cc1,"Experimental, Scheme 3",2
op025504r,OPRD-100,ZJTYRNPLVNMVPQ-LBPRGKRZSA-N>>NVPOUMXZERMIJK-STQMWFEESA-N,CC(C)(C)OC(=O)N[C@H](C=O)Cc1ccccc1>>CC(C)(C)OC(=O)N[C@@H](Cc1ccccc1)[C@@H]1CO1,Scheme 1,1
op025504r,OPRD-100,ZRYZBQLXDKPBDU-UHFFFAOYSA-N>>NMLYGLCBSFKJFI-UHFFFAOYSA-N,O=Cc1ccc(Br)cc1>>O=Cc1ccc(-c2ccccn2)cc1,Scheme 1,1
op700092n,OPRD-100,CCEFMUBVSUDRLG-IDKOKCKLSA-N.YNAVUWVOSKDBBP-UHFFFAOYSA-N>>AYRKWHNLIKGDRV-BFHYXJOUSA-N.CCEFMUBVSUDRLG-AEJSXWLSSA-N.CCEFMUBVSUDRLG-LPEHRKFASA-N.YTJVBLPAMBTDCH-BFHYXJOUSA-N.YTJVBLPAMBTDCH-IHRRRGAJSA-N,C=C(C)[C@H]1CCC2(C)OC2C1.C1COCCN1>>C=C(C)[C@H]1CC[C@]2(C)O[C@@H]2C1.C=C(C)[C@H]1CC[C@@]2(C)O[C@H]2C1.C=C(C)[C@H]1CC[C@](C)(O)[C@@H](N2CCOCC2)C1.C=C(C)[C@H]1CC[C@@](C)(O)[C@H](N2CCOCC2)C1.C=C(C)[C@H]1CC[C@@](C)(N2CCOCC2)[C@H](O)C1,"Table 1, entry 1, eq 1, Table 1, entry 10, eq 1, Table 1, entry 11, eq 1, Table 1, entry 2, eq 1, Table 1, entry 3, eq 1, Table 1, entry 4, eq 1, Table 1, entry 5, eq 1, Table 1, entry 6, eq 1, Table 1, entry 7, eq 1, Table 1, entry 8, eq 1, Table 1, entry 9, eq 1",11
op700092n,OPRD-100,CCEFMUBVSUDRLG-IDKOKCKLSA-N>>MUBZPKHOEPUJKR-UHFFFAOYSA-N.YTJVBLPAMBTDCH-BFHYXJOUSA-N.YTJVBLPAMBTDCH-BFHYXJOUSA-N,C=C([C@H]1CCC2(OC2C1)C)C>>C=C(C)[C@H]1CC[C@@](C)(O)[C@H](N2CCOCC2)C1.C=C(C)[C@H]1CC[C@@](C)(O)[C@H](N2CCOCC2)C1.O=C(O)C(=O)O,Experimental,1
acs.oprd.0c00134,OPRD-100,AYFTXIRSQBRBJH-UHFFFAOYSA-N>>DVTCKYGPOSYJNX-UHFFFAOYSA-N,O=S(=O)(Cc1cccnc1Cl)c1ccc(F)cc1>>CCOC(=O)CCc1ncccc1CS(=O)(=O)c1ccc(F)cc1,Figure 1,1
acs.oprd.0c00134,OPRD-100,DVTCKYGPOSYJNX-UHFFFAOYSA-N>>WLUYJZCJKALSDU-UHFFFAOYSA-N,CCOC(=O)CCc1ncccc1CS(=O)(=O)c1ccc(F)cc1>>O=C1CCc2ncccc2C1S(=O)(=O)c1ccc(F)cc1,Figure 1,1
acs.oprd.0c00149,OPRD-100,CSCPPACGZOOCGX-UHFFFAOYSA-N>>ROWKJAVDOGWPAT-GSVOUGTGSA-N.ROWKJAVDOGWPAT-VKHMYHEASA-N,CC(C)=O>>CC(=O)[C@H](C)O.CC(=O)[C@@H](C)O,Scheme 1,1
acs.oprd.0c00149,OPRD-100,FYYHWMGAXLPEAU-UHFFFAOYSA-N.OBETXYAYXDNJHR-UHFFFAOYSA-N>>UFHFLCQGNIYNRP-UHFFFAOYSA-N,CCCCC(CC)C(=O)O.[Mg]>>CCCCC(CC)C1O[Mg]2(OC(=O->2)C(CC)CCCC)<-O=1.[HH],"Experimental, Scheme 3, Table 1",3
acs.oprd.0c00149,OPRD-100,HCHKCACWOHOZIP-UHFFFAOYSA-N.OBETXYAYXDNJHR-UHFFFAOYSA-N>>UFHFLCQGNIYNRP-UHFFFAOYSA-N,CCCCC(CC)C(=O)O.[Zn]>>CCCCC(CC)C1O[Zn]2(OC(=O->2)C(CC)CCCC)<-O=1.[HH],"Experimental, Scheme 3, Table 1",3
acs.oprd.0c00149,OPRD-100,JJTUDXZGHPGLLC-IMJSIDKUSA-N>>OZZQHCBFUVFZGT-IMJSIDKUSA-N,C[C@@H]1OC(=O)[C@H](C)OC1=O>>C[C@H](O)C(=O)O[C@@H](C)C(=O)O,"Experimental, Table 3 AND Table 4",2
acs.oprd.0c00149,OPRD-100,OBETXYAYXDNJHR-UHFFFAOYSA-N.OYPRJOBELJOOCE-UHFFFAOYSA-N>>UFHFLCQGNIYNRP-UHFFFAOYSA-N,CCCCC(CC)C(=O)O.[Ca]>>CCCCC(CC)C1O[Ca]2(OC(=O->2)C(CC)CCCC)<-O=1.[HH],"Experimental, Scheme 3, Table 1",3
acs.oprd.0c00149,OPRD-100,ROWKJAVDOGWPAT-GSVOUGTGSA-N.ROWKJAVDOGWPAT-VKHMYHEASA-N>>JJTUDXZGHPGLLC-IMJSIDKUSA-N.JJTUDXZGHPGLLC-QWWZWVQMSA-N.JJTUDXZGHPGLLC-ZXZARUISSA-N,CC(=O)[C@H](C)O.CC(=O)[C@@H](C)O>>C[C@@H]1OC(=O)[C@H](C)OC1=O.C[C@H]1OC(=O)[C@@H](C)OC1=O.C[C@@H]1OC(=O)[C@@H](C)OC1=O,Scheme 1,1
op050151s,OPRD-100,AZZRMTHRIXEDLR-JOYOIKCWSA-N>>NISNMPAMVVYSOY-OWRWGESLSA-N.NISNMPAMVVYSOY-WNMQOVRZSA-N,CC1(C)[C@H](C(=O)OCOC(=O)OC2CCOCC2)N2C(=O)C(Br)(Br)[C@H]2S1(=O)=O>>CC1(C)[C@H](C(=O)OCOC(=O)OC2CCOCC2)N2C(=O)[C@@](Br)(CO)[C@H]2S1(=O)=O.CC1(C)[C@H](C(=O)OCOC(=O)OC2CCOCC2)N2C(=O)[C@](Br)(CO)[C@H]2S1(=O)=O,"Experimental, Scheme 3",2
op050151s,OPRD-100,BBDCZTHBOICRTO-KQRLMAEXSA-M.RAMYCVMRCSNXGX-UHFFFAOYSA-N>>AZZRMTHRIXEDLR-JOYOIKCWSA-N,CC1(C)[C@H](C(=O)O[Na])N2C(=O)C(Br)(Br)[C@H]2S1(=O)=O.O=C(OCCl)OC1CCOCC1>>CC1(C)[C@H](C(=O)OCOC(=O)OC2CCOCC2)N2C(=O)C(Br)(Br)[C@H]2S1(=O)=O,Scheme 3,1
op050151s,OPRD-100,BBDCZTHBOICRTO-KQRLMAEXSA-M>>IPGNHVBPQGNZCH-BPYAMOTFSA-N,CC1(C)[C@H](C(=O)O[Na])N2C(=O)C(Br)(Br)[C@H]2S1(=O)=O>>C[C@H](OC(=O)c1ccccc1)OC(=O)[C@@H]1N2C(=O)C(Br)(Br)[C@H]2S(=O)(=O)C1(C)C,"Experimental, Scheme 3",2
op050151s,OPRD-100,BXTXMOUNNODHKT-CKRWUUDYSA-N>>XYWXMASWXRKIDS-HCHQLJBOSA-N,CC1(C)[C@H](C(=O)OCc2ccccc2)C2C(=O)[C@](Br)(CO)[C@H]2S1(=O)=O>>CC1(C)[C@H](C(=O)OCc2ccccc2)C2C(=O)[C@@H](CO)[C@H]2S1(=O)=O,Experimental,1
op050151s,OPRD-100,BXTXMOUNNODHKT-JJYYHXSTSA-N>>XYWXMASWXRKIDS-HCHQLJBOSA-N,CC1(C)[C@H](C(=O)OCc2ccccc2)C2C(=O)[C@@](Br)(CO)[C@H]2S1(=O)=O>>CC1(C)[C@H](C(=O)OCc2ccccc2)C2C(=O)[C@@H](CO)[C@H]2S1(=O)=O,Experimental,1
op050151s,OPRD-100,FVDFSGCNAKZCRX-TWSICATPSA-M>>IVSKSGAQEYJXQI-KUNJKIHDSA-N,CC1(C)[C@H](C(=O)O[Na])C2C(=O)C(Br)(Br)[C@H]2S1(=O)=O>>CC1(C)[C@H](C(=O)OCc2ccccc2)C2C(=O)C(Br)(Br)[C@H]2S1(=O)=O,Experimental,1
op050151s,OPRD-100,IPGNHVBPQGNZCH-BPYAMOTFSA-N>>KCYZFSPWYNWNDW-IGMLBDDESA-N.KCYZFSPWYNWNDW-UCOJWJJSSA-N,C[C@H](OC(=O)c1ccccc1)OC(=O)[C@@H]1N2C(=O)C(Br)(Br)[C@H]2S(=O)(=O)C1(C)C>>C[C@H](OC(=O)c1ccccc1)OC(=O)[C@@H]1N2C(=O)[C@@](Br)(CO)[C@H]2S(=O)(=O)C1(C)C.C[C@H](OC(=O)c1ccccc1)OC(=O)[C@@H]1N2C(=O)[C@](Br)(CO)[C@H]2S(=O)(=O)C1(C)C,"Experimental, Scheme 3",2
op050151s,OPRD-100,ITEGMYRTMZKSJY-PEYYIBSZSA-N>>OQKSDOQLSKENEH-NORSIXQASA-M.OQKSDOQLSKENEH-PKLNKYFDSA-M,CC1(C)[C@H](C(=O)OCc2ccccc2)N2C(=O)[C@@](Br)(CO)[C@H]2S1(=O)=O>>CC1(C)[C@H](C(=O)O[Na])N2C(=O)[C@@H](CO)[C@H]2S1(=O)=O.CC1(C)[C@H](C(=O)O[Na])N2C(=O)[C@H](CO)[C@H]2S1(=O)=O,Scheme 2,1
op050151s,OPRD-100,KCYZFSPWYNWNDW-IGMLBDDESA-N.KCYZFSPWYNWNDW-UCOJWJJSSA-N>>LXUSCGHGKVTLLL-JJAZEVLHSA-N,C[C@H](OC(=O)c1ccccc1)OC(=O)[C@@H]1N2C(=O)[C@@](Br)(CO)[C@H]2S(=O)(=O)C1(C)C.C[C@H](OC(=O)c1ccccc1)OC(=O)[C@@H]1N2C(=O)[C@](Br)(CO)[C@H]2S(=O)(=O)C1(C)C>>C=S1(=C)[C@@H]2[C@H](CO)C(=O)N2[C@@H](C(=O)O[C@H](C)OC(=O)c2ccccc2)C1(C)C,Scheme 3,1
op050151s,OPRD-100,KCYZFSPWYNWNDW-IGMLBDDESA-N.KCYZFSPWYNWNDW-UCOJWJJSSA-N>>WIMLUYVKJJGUNJ-IKVITTDRSA-N,C[C@H](OC(=O)c1ccccc1)OC(=O)[C@@H]1N2C(=O)[C@@](Br)(CO)[C@H]2S(=O)(=O)C1(C)C.C[C@H](OC(=O)c1ccccc1)OC(=O)[C@@H]1N2C(=O)[C@](Br)(CO)[C@H]2S(=O)(=O)C1(C)C>>C[C@H](OC(=O)c1ccccc1)OC(=O)[C@@H]1N2C(=O)[C@@H](CO)[C@H]2S(=O)(=O)C1(C)C,Experimental,1
op050151s,OPRD-100,NISNMPAMVVYSOY-OWRWGESLSA-N.NISNMPAMVVYSOY-WNMQOVRZSA-N>>POODTBBETNTFEG-NTZNESFSSA-N,CC1(C)[C@H](C(=O)OCOC(=O)OC2CCOCC2)N2C(=O)[C@@](Br)(CO)[C@H]2S1(=O)=O.CC1(C)[C@H](C(=O)OCOC(=O)OC2CCOCC2)N2C(=O)[C@](Br)(CO)[C@H]2S1(=O)=O>>CC1(C)[C@H](C(=O)OCOC(=O)OC2CCOCC2)N2C(=O)[C@@H](CO)[C@H]2S1(=O)=O,"Experimental, Scheme 3, Table 1",3
op050151s,OPRD-100,NISNMPAMVVYSOY-OWRWGESLSA-N>>POODTBBETNTFEG-NTZNESFSSA-N,CC1(C)[C@H](C(=O)OCOC(=O)OC2CCOCC2)N2C(=O)[C@](Br)(CO)[C@H]2S1(=O)=O>>CC1(C)[C@H](C(=O)OCOC(=O)OC2CCOCC2)N2C(=O)[C@@H](CO)[C@H]2S1(=O)=O,Table 2,1
op050151s,OPRD-100,NISNMPAMVVYSOY-WNMQOVRZSA-N>>POODTBBETNTFEG-NTZNESFSSA-N,CC1(C)[C@H](C(=O)OCOC(=O)OC2CCOCC2)N2C(=O)[C@@](Br)(CO)[C@H]2S1(=O)=O>>CC1(C)[C@H](C(=O)OCOC(=O)OC2CCOCC2)N2C(=O)[C@@H](CO)[C@H]2S1(=O)=O,Table 2,1
op050151s,OPRD-100,QZVGVSQWJUUPMO-GXFFZTMASA-N>>ITEGMYRTMZKSJY-HZUKXOBISA-N.ITEGMYRTMZKSJY-PJODQICGSA-N,CC1(C)[C@H](C(=O)OCc2ccccc2)N2C(=O)C(Br)(Br)[C@H]2S1(=O)=O>>CC1(C)[C@H](C(=O)OCc2ccccc2)N2C(=O)[C@](Br)(CO)[C@@H]2S1(=O)=O.CC1(C)[C@H](C(=O)OCc2ccccc2)N2C(=O)[C@@](Br)(CO)[C@@H]2S1(=O)=O,Scheme 2,1
op050151s,OPRD-100,RAMYCVMRCSNXGX-UHFFFAOYSA-N>>AZZRMTHRIXEDLR-JOYOIKCWSA-N,O=C(OCCl)OC1CCOCC1>>CC1(C)[C@H](C(=O)OCOC(=O)OC2CCOCC2)N2C(=O)C(Br)(Br)[C@H]2S1(=O)=O,Experimental,1
op800252w,OPRD-100,CMIBUZBMZCBCAT-HZPDHXFCSA-N.WSEQXVZVJXJVFP-UHFFFAOYSA-N>>CMIBUZBMZCBCAT-HZPDHXFCSA-M.WSEQXVZVJXJVFP-UHFFFAOYSA-O,CN(C)CCCC1(c2ccc(F)cc2)OCc2cc(C#N)ccc21.Cc1ccc(C(=O)O[C@@H](C(=O)O)[C@@H](OC(=O)c2ccc(C)cc2)C(=O)O)cc1>>C[NH+](C)CCCC1(c2ccc(F)cc2)OCc2cc(C#N)ccc21.Cc1ccc(C(=O)O[C@@H](C(=O)[O-])[C@@H](OC(=O)c2ccc(C)cc2)C(=O)O)cc1,Experimental Section,1
op800252w,OPRD-100,WSEQXVZVJXJVFP-UHFFFAOYSA-N>>CMIBUZBMZCBCAT-HZPDHXFCSA-M.WSEQXVZVJXJVFP-UHFFFAOYSA-O,CN(C)CCCC1(c2ccc(F)cc2)OCc2cc(C#N)ccc21>>Cc1ccc(C(=O)O[C@@H](C(=O)[O-])[C@@H](OC(=O)c2ccc(C)cc2)C(=O)O)cc1.C[NH+](C)CCCC1(c2ccc(F)cc2)OCc2cc(C#N)ccc21,Experimental Section,1
acs.oprd.0c00246,OPRD-100,AUILRVPXPBCBCT-YGCVIUNWSA-M>>HIKYTWIVLKHYIM-UHFFFAOYSA-N.OXKYABWKKRDGJE-UHFFFAOYSA-N,COc1ccc(O/C(C#N)=C/O[K])c(C(C)C)c1>>COc1ccc(Oc2cnc(N)nc2N)c(C(C)C)c1.COc1ccc(OCc2nc(N)nc(N)n2)c(C(C)C)c1,"Table 3, Table 4, Table 5",3
acs.oprd.0c00246,OPRD-100,FTUZTEHUIIPDPC-FLFQWRMESA-N.ZRALSGWEFCBTJO-UHFFFAOYSA-N>>BIEOICFQWWJECH-UHFFFAOYSA-N,COc1ccc(OC/C(N)=C(\C#N)Oc2ccc(OC)cc2C(C)C)c(C(C)C)c1.N=C(N)N>>COc1ccc(OCc2nc(N)nc(N)c2Oc2ccc(OC)cc2C(C)C)c(C(C)C)c1,Scheme 5,1
acs.oprd.0c00246,OPRD-100,HONIICLYMWZJFZ-UHFFFAOYSA-N.VYWGSKTVJRQMBI-UHFFFAOYSA-N.ZSXGLVDWWRXATF-UHFFFAOYSA-N>>JZSRVAHAJXVKAU-SDNWHVSQSA-N.OKKJLVBELUTLKV-UHFFFAOYSA-N.ROSDSFDQCJNGOL-UHFFFAOYSA-N,COc1ccc(OCC#N)c(C(C)C)c1.COC(OC)N(C)C.C1CNC1>>COc1ccc(O/C(C#N)=C/N2CCC2)c(C(C)C)c1.CO.CNC,Scheme 2,1
acs.oprd.0c00246,OPRD-100,HXRAMSFGUAOAJR-UHFFFAOYSA-N.VYWGSKTVJRQMBI-UHFFFAOYSA-N>>CJYCSTNTWTUCRR-JLHYYAGUSA-N.DKGAVHZHDRPRBM-UHFFFAOYSA-N.ROSDSFDQCJNGOL-UHFFFAOYSA-N,COc1ccc(OCC#N)c(C(C)C)c1.CN(C)C(OC(C)(C)C)N(C)C>>COc1ccc(O/C(C#N)=C/N(C)C)c(C(C)C)c1.CNC.CC(C)(C)O,Scheme 2,1
acs.oprd.0c00246,OPRD-100,HXRAMSFGUAOAJR-UHFFFAOYSA-N.VYWGSKTVJRQMBI-UHFFFAOYSA-N>>RXOIVAKLSRKVBO-GHRIWEEISA-N,COc1ccc(OCC#N)c(C(C)C)c1.CN(C)C(OC(C)(C)C)N(C)C>>COc1ccc(O/C(C#N)=C/Nc2ccccc2)c(C(C)C)c1,Scheme 1,1
acs.oprd.0c00246,OPRD-100,NQRYJNQNLNOLGT-UHFFFAOYSA-N.VYWGSKTVJRQMBI-UHFFFAOYSA-N.ZSXGLVDWWRXATF-UHFFFAOYSA-N>>LTBQHMJDOAZNIL-DTQAZKPQSA-N.OKKJLVBELUTLKV-UHFFFAOYSA-N.ROSDSFDQCJNGOL-UHFFFAOYSA-N,COc1ccc(OCC#N)c(C(C)C)c1.COC(OC)N(C)C.C1CCNCC1>>COc1ccc(O/C(C#N)=C/N2CCCCC2)c(C(C)C)c1.CO.CNC,Scheme 2,1
acs.oprd.0c00246,OPRD-100,PLMALMMKIARHRN-UHFFFAOYSA-N>>VYWGSKTVJRQMBI-UHFFFAOYSA-N,COc1ccc(O)c(C(C)C)c1>>COc1ccc(OCC#N)c(C(C)C)c1,"Scheme 1, Table 1",2
acs.oprd.0c00246,OPRD-100,RWRDLPDLKQPQOW-UHFFFAOYSA-N.VYWGSKTVJRQMBI-UHFFFAOYSA-N.ZSXGLVDWWRXATF-UHFFFAOYSA-N>>FMHKDFXNCRMLQM-UHFFFAOYSA-N.OKKJLVBELUTLKV-UHFFFAOYSA-N.ROSDSFDQCJNGOL-UHFFFAOYSA-N,COc1ccc(OCC#N)c(C(C)C)c1.COC(OC)N(C)C.C1CCNC1>>COc1ccc(OC(C#N)=CN2CCCC2)c(C(C)C)c1.CO.CNC,Scheme 2,1
acs.oprd.0c00246,OPRD-100,RWRDLPDLKQPQOW-UHFFFAOYSA-N.VYWGSKTVJRQMBI-UHFFFAOYSA-N.ZSXGLVDWWRXATF-UHFFFAOYSA-N>>HIKYTWIVLKHYIM-UHFFFAOYSA-N,COc1ccc(OCC#N)c(C(C)C)c1.COC(OC)N(C)C.C1CCNC1>>COc1ccc(Oc2cnc(N)nc2N)c(C(C)C)c1,Scheme 3,1
acs.oprd.0c00246,OPRD-100,RWRDLPDLKQPQOW-UHFFFAOYSA-N.ZSXGLVDWWRXATF-UHFFFAOYSA-N>>LVUUSKDLHKCPDD-UHFFFAOYSA-N.OKKJLVBELUTLKV-UHFFFAOYSA-N,COC(OC)N(C)C.C1CCNC1>>COC(N(C)C)N1CCCC1.CO,Scheme 2,1
acs.oprd.0c00246,OPRD-100,RXOIVAKLSRKVBO-GHRIWEEISA-N.ZRALSGWEFCBTJO-UHFFFAOYSA-N>>HIKYTWIVLKHYIM-UHFFFAOYSA-N,COc1ccc(O/C(C#N)=C/Nc2ccccc2)c(C(C)C)c1.N=C(N)N>>COc1ccc(Oc2cnc(N)nc2N)c(C(C)C)c1,Scheme 1,1
acs.oprd.0c00246,OPRD-100,UAOMVDZJSHZZME-UHFFFAOYSA-N.VYWGSKTVJRQMBI-UHFFFAOYSA-N.ZSXGLVDWWRXATF-UHFFFAOYSA-N>>MGYFBFCQCVYJMO-SFQUDFHCSA-N.OKKJLVBELUTLKV-UHFFFAOYSA-N.ROSDSFDQCJNGOL-UHFFFAOYSA-N,COc1ccc(OCC#N)c(C(C)C)c1.COC(OC)N(C)C.CC(C)NC(C)C>>COc1ccc(O/C(C#N)=C/N(C(C)C)C(C)C)c(C(C)C)c1.CO.CNC,Scheme 2,1
acs.oprd.0c00246,OPRD-100,VYWGSKTVJRQMBI-UHFFFAOYSA-N.ZSXGLVDWWRXATF-UHFFFAOYSA-N>>CJYCSTNTWTUCRR-JLHYYAGUSA-N.OKKJLVBELUTLKV-UHFFFAOYSA-N,COc1ccc(OCC#N)c(C(C)C)c1.COC(OC)N(C)C>>COc1ccc(O/C(C#N)=C/N(C)C)c(C(C)C)c1.CO,Scheme 2,1
acs.oprd.0c00246,OPRD-100,VYWGSKTVJRQMBI-UHFFFAOYSA-N>>AUILRVPXPBCBCT-YGCVIUNWSA-M.FTUZTEHUIIPDPC-FLFQWRMESA-N,COc1ccc(OCC#N)c(C(C)C)c1>>COc1ccc(O/C(C#N)=C/O[K])c(C(C)C)c1.COc1ccc(OC/C(N)=C(\C#N)Oc2ccc(OC)cc2C(C)C)c(C(C)C)c1,Table 2,1
acs.oprd.0c00246,OPRD-100,VYWGSKTVJRQMBI-UHFFFAOYSA-N>>FTUZTEHUIIPDPC-FLFQWRMESA-N,COc1ccc(OCC#N)c(C(C)C)c1>>COc1ccc(OC/C(N)=C(\C#N)Oc2ccc(OC)cc2C(C)C)c(C(C)C)c1,Scheme 5,1
acs.oprd.0c00281,OPRD-100,MHSXLEBGAGNZAH-UHFFFAOYSA-N.YZJXQSGWPYQFKR-FPYGCLRLSA-N>>SJXNPGGVGZXKKI-NYYWCZLTSA-N.VEUXDVDGSUFPIC-FPYGCLRLSA-N,O=C(O)/C=C/c1ccc(Oc2c(Br)sc3cc(O)ccc23)cc1.CC(F)(F)c1cc(F)ccc1B(O)O>>CC(F)(F)c1cc(F)ccc1-c1sc2cc(O)ccc2c1Oc1ccc(/C=C/C(=O)O)cc1.O=C(O)/C=C/c1ccc(Oc2csc3cc(O)ccc23)cc1,"Table 1, Table 2",2
acs.oprd.1c00188,OPRD-100,XBDQKXXYIPTUBI-UHFFFAOYSA-N.YSHISNBUYVNLEP-UHFFFAOYSA-M>>ZDWFDTDLGFDUGB-UHFFFAOYSA-N,C=CCN(CC=C)C(=O)CC(=O)O[K].CCC(=O)O>>C=CCN1CC(CCC)CC1=O,"Experimental, Scheme 1, Table 1, Table 2",4
acs.oprd.1c00244,OPRD-100,ABDKAPXRBAPSQN-UHFFFAOYSA-N.GEOCZQKSCXKQLM-UHFFFAOYSA-M>>YTRAYZQLWUSKTO-UHFFFAOYSA-N,COc1ccccc1OC.Cc1cc(Br)c(O[Na])nn1>>COc1ccc(-n2nc(C)cc(Br)c2=O)cc1OC,Scheme 2,1
acs.oprd.1c00244,OPRD-100,ABDKAPXRBAPSQN-UHFFFAOYSA-N.KYAHFDHPMBOBDJ-UHFFFAOYSA-N>>YTRAYZQLWUSKTO-UHFFFAOYSA-N,COc1ccccc1OC.Cc1cc(Br)c(=O)n(Cl)n1>>COc1ccc(-n2nc(C)cc(Br)c2=O)cc1OC,Table 1,1
acs.oprd.1c00244,OPRD-100,ABDKAPXRBAPSQN-UHFFFAOYSA-N>>RCVDPBFUMYUKPB-UHFFFAOYSA-N,COc1ccccc1OC>>COc1ccc(B(O)O)cc1OC,Scheme 1,1
acs.oprd.1c00244,OPRD-100,HJSLFCCWAKVHIW-UHFFFAOYSA-N.YTRAYZQLWUSKTO-UHFFFAOYSA-N>>ANQRDMDBJYHVII-UHFFFAOYSA-N,COc1ccc(-n2nc(C)cc(Br)c2=O)cc1OC.O=C1CCCC(=O)C1>>COc1ccc(-n2nc(C)cc(C(=O)C3C(=O)CCCC3=O)c2=O)cc1OC,Scheme 1,1
acs.oprd.1c00244,OPRD-100,JOOXCMJARBKPKM-UHFFFAOYSA-N>>MOHYHLFTBMNVDU-UHFFFAOYSA-N,CC(=O)CCC(=O)O>>Cc1cc(Br)c(=O)[nH]n1,Scheme 1,1
acs.oprd.1c00244,OPRD-100,MOHYHLFTBMNVDU-UHFFFAOYSA-N.RCVDPBFUMYUKPB-UHFFFAOYSA-N>>YTRAYZQLWUSKTO-UHFFFAOYSA-N,Cc1cc(Br)c(=O)[nH]n1.COc1ccc(B(O)O)cc1OC>>COc1ccc(-n2nc(C)cc(Br)c2=O)cc1OC,Scheme 1,1
acs.oprd.1c00244,OPRD-100,MOHYHLFTBMNVDU-UHFFFAOYSA-N.SUKJFIGYRHOWBL-UHFFFAOYSA-N>>KYAHFDHPMBOBDJ-UHFFFAOYSA-N,Cc1cc(Br)c(=O)[nH]n1.[Na]OCl>>Cc1cc(Br)c(=O)n(Cl)n1,Experimental,1
op700086d,OPRD-100,FHWSBHQDWGADKI-GOSISDBHSA-N.NJKRFQIWDJSYOK-UHFFFAOYSA-N>>YIYAZYKMGQLRQT-NLIBRCFJSA-N,O=C1CCN(C(=O)OCc2ccccc2)[C@H](Cc2ccccc2)C1.Cc1cccc(C)c1NC(=O)CN1CCNCC1>>Cc1cccc(C)c1NC(=O)CN1CCN(C2CCN(C(=O)OCc3ccccc3)[C@H](Cc3ccccc3)C2)CC1,"Table 1, entry 14",1
op700086d,OPRD-100,HRLONMPLBXNTCJ-CYBMUJFWSA-N>>IUCFHIJVTHFYJE-QGZVFWFLSA-N,c1ccc(C[C@@H]2CC3(CCN2)OCCO3)cc1>>O=C1CCN(C(=O)c2cc(C(F)(F)F)cc(C(F)(F)F)c2)[C@H](Cc2ccccc2)C1,Experimental,1
op700086d,OPRD-100,HRLONMPLBXNTCJ-CYBMUJFWSA-N>>IUCFHIJVTHFYJE-UHFFFAOYSA-N,c1ccc(C[C@@H]2CC3(CCN2)OCCO3)cc1>>O=C1CCN(C(=O)c2cc(C(F)(F)F)cc(C(F)(F)F)c2)C(Cc2ccccc2)C1,"Scheme 2, main text",1
op700086d,OPRD-100,HRLONMPLBXNTCJ-UHFFFAOYSA-N>>HRLONMPLBXNTCJ-CYBMUJFWSA-N,c1ccc(CC2CC3(CCN2)OCCO3)cc1>>c1ccc(C[C@@H]2CC3(CCN2)OCCO3)cc1,"Scheme 2, main text",1
op700086d,OPRD-100,HRLONMPLBXNTCJ-UHFFFAOYSA-N>>HRLONMPLBXNTCJ-CYBMUJFWSA-N.HYIHYWQSOXTJFS-ZETCQYMHSA-N,c1ccc(CC2CC3(CCN2)OCCO3)cc1>>C[C@H](OC(=O)Nc1ccccc1)C(=O)O.c1ccc(C[C@@H]2CC3(CCN2)OCCO3)cc1,Experimental,1
op700086d,OPRD-100,HRLONMPLBXNTCJ-UHFFFAOYSA-N>>IUCFHIJVTHFYJE-UHFFFAOYSA-N,c1ccc(CC2CC3(CCN2)OCCO3)cc1>>O=C1CCN(C(=O)c2cc(C(F)(F)F)cc(C(F)(F)F)c2)C(Cc2ccccc2)C1,Scheme 1,1
op700086d,OPRD-100,IQXXEPZFOOTTBA-UHFFFAOYSA-N.IUCFHIJVTHFYJE-QGZVFWFLSA-N>>WPQYIUBQOZPAHV-FQLXRVMXSA-N,O=C1CCN(C(=O)c2cc(C(F)(F)F)cc(C(F)(F)F)c2)[C@H](Cc2ccccc2)C1.c1ccc(CN2CCNCC2)cc1>>O=C(c1cc(C(F)(F)F)cc(C(F)(F)F)c1)N1CC[C@@H](N2CCN(Cc3ccccc3)CC2)C[C@H]1Cc1ccccc1,"Table 1, entry 1, Table 1, entry 10, Table 1, entry 11, Table 1, entry 2, Table 1, entry 3, Table 1, entry 4, Table 1, entry 5, Table 1, entry 6, Table 1, entry 7, Table 1, entry 8, Table 1, entry 9",11
op700086d,OPRD-100,IQXXEPZFOOTTBA-UHFFFAOYSA-N.RJBGRVYOONPKSW-QGZVFWFLSA-N>>YOZSMRGFPPDHBK-FQLXRVMXSA-N,O=C1CCN(C(=O)c2ccccc2)[C@H](Cc2ccccc2)C1.c1ccc(CN2CCNCC2)cc1>>O=C(c1ccccc1)N1CC[C@@H](N2CCN(Cc3ccccc3)CC2)C[C@H]1Cc1ccccc1,"Table 1, entry 13",1
op700086d,OPRD-100,IUCFHIJVTHFYJE-QGZVFWFLSA-N.LNOQURRKNJKKBU-UHFFFAOYSA-N>>STQPICRFWRCYRG-BJKOFHAPSA-N,O=C1CCN(C(=O)c2cc(C(F)(F)F)cc(C(F)(F)F)c2)[C@H](Cc2ccccc2)C1.CCOC(=O)N1CCNCC1>>CCOC(=O)N1CCN([C@H]2CCN(C(=O)c3cc(C(F)(F)F)cc(C(F)(F)F)c3)[C@H](Cc3ccccc3)C2)CC1,"Table 1, entry 15",1
op700086d,OPRD-100,IUCFHIJVTHFYJE-QGZVFWFLSA-N>>WPQYIUBQOZPAHV-URLMMPGGSA-N,O=C1CCN(C(=O)c2cc(C(F)(F)F)cc(C(F)(F)F)c2)[C@H](Cc2ccccc2)C1>>O=C(c1cc(C(F)(F)F)cc(C(F)(F)F)c1)N1CC[C@H](N2CCN(Cc3ccccc3)CC2)C[C@H]1Cc1ccccc1,Experimental,1
op700086d,OPRD-100,IUCFHIJVTHFYJE-UHFFFAOYSA-N>>WPQYIUBQOZPAHV-UHFFFAOYSA-N,O=C1CCN(C(=O)c2cc(C(F)(F)F)cc(C(F)(F)F)c2)C(Cc2ccccc2)C1>>O=C(c1cc(C(F)(F)F)cc(C(F)(F)F)c1)N1CCC(N2CCN(Cc3ccccc3)CC2)CC1Cc1ccccc1,"Scheme 1, main text",1
op700086d,OPRD-100,KHOXGPDKCIQOOR-XZWHSSHBSA-N>>BJEPYKJPYRNKOW-REOHCLBHSA-N.KHOXGPDKCIQOOR-XZWHSSHBSA-N,Cc1cccc(C)c1NC(=O)CN1CCN([C@H]2CCN(C(=O)c3cc(C(F)(F)F)cc(C(F)(F)F)c3)[C@H](Cc3ccccc3)C2)CC1>>Cc1cccc(C)c1NC(=O)CN1CCN([C@H]2CCN(C(=O)c3cc(C(F)(F)F)cc(C(F)(F)F)c3)[C@H](Cc3ccccc3)C2)CC1.O=C(O)C[C@H](O)C(=O)O,"Scheme 1, main text",1
op700086d,OPRD-100,NEOQCQIBCCRRPO-FCHUYYIVSA-N>>BJEPYKJPYRNKOW-REOHCLBHSA-N.KHOXGPDKCIQOOR-XZWHSSHBSA-N,O=C(c1cc(C(F)(F)F)cc(C(F)(F)F)c1)N1CC[C@H](N2CCNCC2)C[C@H]1Cc1ccccc1>>Cc1cccc(C)c1NC(=O)CN1CCN([C@H]2CCN(C(=O)c3cc(C(F)(F)F)cc(C(F)(F)F)c3)[C@H](Cc3ccccc3)C2)CC1.O=C(O)C[C@H](O)C(=O)O,Experimental,1
op700086d,OPRD-100,NEOQCQIBCCRRPO-FCHUYYIVSA-N>>KHOXGPDKCIQOOR-XZWHSSHBSA-N,O=C(c1cc(C(F)(F)F)cc(C(F)(F)F)c1)N1CC[C@H](N2CCNCC2)C[C@H]1Cc1ccccc1>>Cc1cccc(C)c1NC(=O)CN1CCN([C@H]2CCN(C(=O)c3cc(C(F)(F)F)cc(C(F)(F)F)c3)[C@H](Cc3ccccc3)C2)CC1,"Scheme 1, main text",1
op700086d,OPRD-100,NJKRFQIWDJSYOK-UHFFFAOYSA-N.QVAKMEJNSFNIMY-GOSISDBHSA-N>>YCMNELCUPYNOFH-NLIBRCFJSA-N,O=C1CCN(Cc2ccccc2)[C@H](Cc2ccccc2)C1.Cc1cccc(C)c1NC(=O)CN1CCNCC1>>Cc1cccc(C)c1NC(=O)CN1CCN(C2CCN(Cc3ccccc3)[C@H](Cc3ccccc3)C2)CC1,"Table 1, entry 12",1
acs.oprd.8b00409,OPRD-100,BQVRPJBLLRHDAM-UHFFFAOYSA-N>>RKBQZLDTEMFMCE-CJNGLKHVSA-N,COC(=O)c1c(OCc2ccccc2)c(=O)ccn1CC(O)O>>C[C@@H]1CCO[C@H]2Cn3ccc(=O)c(OCc4ccccc4)c3C(=O)N12,"Experimental, Scheme 6 AND Scheme 7",2
acs.oprd.8b00409,OPRD-100,FBHXVCQZVVZLCC-UHFFFAOYSA-N>>MJRWECFGLPWYAL-UHFFFAOYSA-N,COC(=O)c1[nH]cc(C(=O)NCc2ccc(F)cc2F)c(=O)c1OCc1ccccc1>>C=CCn1cc(C(=O)NCc2ccc(F)cc2F)c(=O)c(OCc2ccccc2)c1C(=O)OC,Scheme 1,1
acs.oprd.8b00409,OPRD-100,FUDXNCAELILTID-UHFFFAOYSA-N>>GQNCXSVKEHTHBE-UHFFFAOYSA-N,COC(=O)c1cnc(C)c(OCc2ccccc2)c1O>>COC(=O)c1cnc(C)c(OCc2ccccc2)c1OC(C)=O,Scheme 1,1
acs.oprd.8b00409,OPRD-100,GNODZHJMUKVFKU-UHFFFAOYSA-N>>FBHXVCQZVVZLCC-UHFFFAOYSA-N,O=C(O)c1[nH]cc(C(=O)NCc2ccc(F)cc2F)c(=O)c1OCc1ccccc1>>COC(=O)c1[nH]cc(C(=O)NCc2ccc(F)cc2F)c(=O)c1OCc1ccccc1,Scheme 1,1
acs.oprd.8b00409,OPRD-100,GQNCXSVKEHTHBE-UHFFFAOYSA-N>>IDFJOTDLJDAJRW-UHFFFAOYSA-N,COC(=O)c1cnc(C)c(OCc2ccccc2)c1OC(C)=O>>COC(=O)c1c[n+]([O-])c(C)c(OCc2ccccc2)c1OC(C)=O,Scheme 1,1
acs.oprd.8b00409,OPRD-100,IDFJOTDLJDAJRW-UHFFFAOYSA-N>>XKDZDCXMCKXFLH-UHFFFAOYSA-N,COC(=O)c1c[n+]([O-])c(C)c(OCc2ccccc2)c1OC(C)=O>>COC(=O)c1cnc(COC(C)=O)c(OCc2ccccc2)c1OC(C)=O,Scheme 1,1
acs.oprd.8b00409,OPRD-100,KJSJBKBZMGSIPT-UHFFFAOYSA-N>>RTNJSNISZQOUJS-UHFFFAOYSA-N,O=C(O)c1occc(=O)c1OCc1ccccc1>>O=C(O)c1c(OCc2ccccc2)c(=O)ccn1CC(O)CO,"Experimental, Scheme 5 AND Scheme 7",2
acs.oprd.8b00409,OPRD-100,LQDVCPYRCOKNMV-UHFFFAOYSA-N>>JBIHUDRUDVZFPT-UHFFFAOYSA-N.XCEVBPFCHCYYGN-UHFFFAOYSA-N,Cc1occc(=O)c1OCc1ccccc1>>O=c1ccoc(CBr)c1OCc1ccccc1.O=Cc1occc(=O)c1OCc1ccccc1,Table 1,1
acs.oprd.8b00409,OPRD-100,LQDVCPYRCOKNMV-UHFFFAOYSA-N>>QNCADUBESZSUIH-UHFFFAOYSA-N,Cc1occc(=O)c1OCc1ccccc1>>O=c1ccoc(CC(O)c2ccccc2)c1OCc1ccccc1,"Scheme 3 AND Scheme 7, Table 2",2
acs.oprd.8b00409,OPRD-100,LQDVCPYRCOKNMV-UHFFFAOYSA-N>>WBKGCSWOAILTET-UHFFFAOYSA-N,Cc1occc(=O)c1OCc1ccccc1>>Cc1[nH]ccc(=O)c1OCc1ccccc1,Scheme 1,1
acs.oprd.8b00409,OPRD-100,MJRWECFGLPWYAL-UHFFFAOYSA-N>>YAKAVVVOCJICME-UHFFFAOYSA-N,C=CCn1cc(C(=O)NCc2ccc(F)cc2F)c(=O)c(OCc2ccccc2)c1C(=O)OC>>COC(=O)c1c(OCc2ccccc2)c(=O)c(C(=O)NCc2ccc(F)cc2F)cn1CC=O,Scheme 1,1
acs.oprd.8b00409,OPRD-100,PEOWGSSQMHNFHG-UHFFFAOYSA-N>>WIPACLDWNUWLBU-UHFFFAOYSA-N,O=C(NCc1ccc(F)cc1F)c1c[nH]c(CO)c(OCc2ccccc2)c1=O>>O=Cc1[nH]cc(C(=O)NCc2ccc(F)cc2F)c(=O)c1OCc1ccccc1,Scheme 1,1
acs.oprd.8b00409,OPRD-100,PGFZURCHGNIEMW-UHFFFAOYSA-N>>PEOWGSSQMHNFHG-UHFFFAOYSA-N,COC(=O)c1c[nH]c(CO)c(OCc2ccccc2)c1=O>>O=C(NCc1ccc(F)cc1F)c1c[nH]c(CO)c(OCc2ccccc2)c1=O,Scheme 1,1
acs.oprd.8b00409,OPRD-100,RHWKPHLQXYSBKR-BMIGLBTASA-N>>UGWJRRXTMKRYNK-VSLILLSYSA-M,C[C@@H]1CCO[C@H]2Cn3cc(C(=O)NCc4ccc(F)cc4F)c(=O)c(O)c3C(=O)N12>>C[C@@H]1CCO[C@H]2Cn3cc(C(=O)NCc4ccc(F)cc4F)c(=O)c(O[Na])c3C(=O)N12,Scheme 1,1
acs.oprd.8b00409,OPRD-100,RTNJSNISZQOUJS-UHFFFAOYSA-N>>JUVSRACZYLMJQD-UHFFFAOYSA-N,O=C(O)c1c(OCc2ccccc2)c(=O)ccn1CC(O)CO>>COC(=O)c1c(OCc2ccccc2)c(=O)ccn1CC(O)CO,"Experimental, Scheme 5 AND Scheme 7",2
acs.oprd.8b00409,OPRD-100,RTPDVDCGESIMNA-UHFFFAOYSA-N>>FUDXNCAELILTID-UHFFFAOYSA-N,Cc1ncc(Br)c(O)c1OCc1ccccc1>>COC(=O)c1cnc(C)c(OCc2ccccc2)c1O,Scheme 1,1
acs.oprd.8b00409,OPRD-100,RWEIORQEUUWOLH-ZHRRBRCNSA-N>>RHWKPHLQXYSBKR-BMIGLBTASA-N,C[C@@H]1CCO[C@H]2Cn3cc(C(=O)NCc4ccc(F)cc4F)c(=O)c(OCc4ccccc4)c3C(=O)N12>>C[C@@H]1CCO[C@H]2Cn3cc(C(=O)NCc4ccc(F)cc4F)c(=O)c(O)c3C(=O)N12,Scheme 1,1
acs.oprd.8b00409,OPRD-100,RWEIORQEUUWOLH-ZHRRBRCNSA-N>>UGWJRRXTMKRYNK-VSLILLSYSA-M,C[C@@H]1CCO[C@H]2Cn3cc(C(=O)NCc4ccc(F)cc4F)c(=O)c(OCc4ccccc4)c3C(=O)N12>>C[C@@H]1CCO[C@H]2Cn3cc(C(=O)NCc4ccc(F)cc4F)c(=O)c(O[Na])c3C(=O)N12,"Experimental, Scheme 6 AND Scheme 7",2
acs.oprd.8b00409,OPRD-100,WBKGCSWOAILTET-UHFFFAOYSA-N>>RTPDVDCGESIMNA-UHFFFAOYSA-N,Cc1[nH]ccc(=O)c1OCc1ccccc1>>Cc1ncc(Br)c(O)c1OCc1ccccc1,Scheme 1,1
acs.oprd.8b00409,OPRD-100,WIPACLDWNUWLBU-UHFFFAOYSA-N>>GNODZHJMUKVFKU-UHFFFAOYSA-N,O=Cc1[nH]cc(C(=O)NCc2ccc(F)cc2F)c(=O)c1OCc1ccccc1>>O=C(O)c1[nH]cc(C(=O)NCc2ccc(F)cc2F)c(=O)c1OCc1ccccc1,Scheme 1,1
acs.oprd.8b00409,OPRD-100,XKDZDCXMCKXFLH-UHFFFAOYSA-N>>PGFZURCHGNIEMW-UHFFFAOYSA-N,COC(=O)c1cnc(COC(C)=O)c(OCc2ccccc2)c1OC(C)=O>>COC(=O)c1c[nH]c(CO)c(OCc2ccccc2)c1=O,Scheme 1,1
acs.oprd.8b00409,OPRD-100,XKXSSMSOAWHOLM-DOMZBBRYSA-N>>RWEIORQEUUWOLH-ZHRRBRCNSA-N,C[C@@H]1CCO[C@H]2Cn3cc(Br)c(=O)c(OCc4ccccc4)c3C(=O)N12>>C[C@@H]1CCO[C@H]2Cn3cc(C(=O)NCc4ccc(F)cc4F)c(=O)c(OCc4ccccc4)c3C(=O)N12,"Experimental, Scheme 6 AND Scheme 7",2
acs.oprd.8b00409,OPRD-100,XPCTZQVDEJYUGT-UHFFFAOYSA-N>>LQDVCPYRCOKNMV-UHFFFAOYSA-N,Cc1occc(=O)c1O>>Cc1occc(=O)c1OCc1ccccc1,"Scheme 1, Scheme 3 AND Scheme 7",2
acs.oprd.8b00409,OPRD-100,YAKAVVVOCJICME-UHFFFAOYSA-N>>RWEIORQEUUWOLH-ZHRRBRCNSA-N,COC(=O)c1c(OCc2ccccc2)c(=O)c(C(=O)NCc2ccc(F)cc2F)cn1CC=O>>C[C@@H]1CCO[C@H]2Cn3cc(C(=O)NCc4ccc(F)cc4F)c(=O)c(OCc4ccccc4)c3C(=O)N12,Scheme 1,1
acs.oprd.8b00428,OPRD-100,HYBBIBNJHNGZAN-UHFFFAOYSA-N>>PAGAJWBCCKFHIT-UHFFFAOYSA-N,O=Cc1ccco1>>OC(c1ccco1)C(O)c1ccco1,Scheme 1,1
acs.oprd.2c00097,OPRD-100,FZHLWEZJRIGWAI-UHFFFAOYSA-N>>ADRPPOAZEODZBP-UUEFVBAFSA-M.CLLSMVDBKCYOMU-SFHVURJKSA-O,CCc1cc(C)cc(CC)c1-c1cc(C)c2c(n1)C(=O)CC2>>CCc1cc(C)cc(CC)c1-c1cc(C)c2c([nH+]1)[C@@H](O)CC2.O=C1C[C@@H]2CCC1(CS(=O)(=O)[O-])C2,Scheme 8,1
acs.oprd.2c00097,OPRD-100,FZHLWEZJRIGWAI-UHFFFAOYSA-N>>CLLSMVDBKCYOMU-SFHVURJKSA-N,CCc1cc(C)cc(CC)c1-c1cc(C)c2c(n1)C(=O)CC2>>CCc1cc(C)cc(CC)c1-c1cc(C)c2c(n1)[C@@H](O)CC2,Scheme 9,1
acs.oprd.2c00097,OPRD-100,JOJFZYVLQKMUQD-UHFFFAOYSA-N.RJIQZLJNCMHCCN-UHFFFAOYSA-N>>HILAULICMJUOLK-UHFFFAOYSA-N.LVMGMMDWCBWSCH-UHFFFAOYSA-N.ZHACWMGFICVLDC-UHFFFAOYSA-N,Cc1cc(Cl)nc2c1CCC2.CCc1cc(C)cc(CC)c1B(O)O>>CCc1cc(C)cc(CC)c1-c1cc(C)c2c(n1)CCC2.Cc1ccnc2c1CCC2.CCc1cc(C)cc(CC)c1,"Scheme 6, Table 1",2
acs.oprd.2c00097,OPRD-100,JOJFZYVLQKMUQD-UHFFFAOYSA-N.RJIQZLJNCMHCCN-UHFFFAOYSA-N>>HILAULICMJUOLK-UHFFFAOYSA-N.ZHACWMGFICVLDC-UHFFFAOYSA-N,Cc1cc(Cl)nc2c1CCC2.CCc1cc(C)cc(CC)c1B(O)O>>CCc4c(c5nc(CCC6)c6c(C)c5)c(CC)cc(C)c4.CCc7cc(CC)cc(C)c7,Table 1,1
acs.oprd.2c00097,OPRD-100,JOJFZYVLQKMUQD-UHFFFAOYSA-N.RJIQZLJNCMHCCN-UHFFFAOYSA-N>>LVMGMMDWCBWSCH-UHFFFAOYSA-N.ZHACWMGFICVLDC-UHFFFAOYSA-N,Cc1cc(Cl)nc2c1CCC2.CCc1cc(C)cc(CC)c1B(O)O>>CCc4c(c5nc(CCC6)c6c(C)c5)c(CC)cc(C)c4.Cc7c(CCC8)c8ncc7,Table 1,1
acs.oprd.2c00097,OPRD-100,NTEBDFQFERUHKG-UHFFFAOYSA-N>>DICCKTLYSLKYNN-SNVBAGLBSA-N,CC(=O)N1c2ccccc2C(C)=CC1(C)C>>CC(=O)N1c2ccccc2[C@H](C)CC1(C)C,Scheme 1,1
acs.oprd.2c00097,OPRD-100,QWIITRRSNVBPDK-UHFFFAOYSA-N>>HILAULICMJUOLK-UHFFFAOYSA-N.IOAJGXBUESMLML-UHFFFAOYSA-N.RJIQZLJNCMHCCN-UHFFFAOYSA-N,CCc1cc(C)cc(CC)c1Br>>CCc1cc(C)cc(CC)c1B(O)O.CCc1cc(C)cc(CC)c1.CCc1cc(C)cc(CC)c1B(O)c1c(CC)cc(C)cc1CC,Scheme 5,1
acs.oprd.2c00097,OPRD-100,XEGKKCHYANIGMQ-UHFFFAOYSA-N>>XZVGYVHPZOHQMX-UHFFFAOYSA-N,CCc1cc(C)cc(CC)c1-c1cc(C)c2c([n+]1[O-])CCC2>>CCc1cc(C)cc(CC)c1-c1cc(C)c2c(n1)C(OC(C)=O)CC2,Scheme 9,1
acs.oprd.3c00184,OPRD-100,BQMPGKPTOHKYHS-UHFFFAOYSA-N>>VSPXQZSDPSOPRO-UHFFFAOYSA-N,N#Cc1ccc[nH]1>>Nc1ncnn2cccc12,Scheme 1,1
acs.oprd.3c00184,OPRD-100,KAESVJOAVNADME-UHFFFAOYSA-N>>BQMPGKPTOHKYHS-UHFFFAOYSA-N,c1cc[nH]c1>>N#Cc1ccc[nH]1,"Experimental, Figure 5, Scheme 1, Scheme 3, Table 1",5
acs.oprd.3c00184,OPRD-100,KAESVJOAVNADME-UHFFFAOYSA-N>>BQMPGKPTOHKYHS-UHFFFAOYSA-N.ZSKGQVFRTSEPJT-UHFFFAOYSA-N,c1cc[nH]c1>>N#Cc1ccc[nH]1.O=Cc1ccc[nH]1,Table 2,1
acs.oprd.3c00184,OPRD-100,KAESVJOAVNADME-UHFFFAOYSA-N>>VSPXQZSDPSOPRO-UHFFFAOYSA-N,c1cc[nH]c1>>Nc1ncnn2cccc12,Scheme 2,1
acs.oprd.3c00184,OPRD-100,KAESVJOAVNADME-UHFFFAOYSA-N>>ZSKGQVFRTSEPJT-UHFFFAOYSA-N,c1cc[nH]c1>>O=Cc1ccc[nH]1,Figure 1,1
acs.oprd.3c00184,OPRD-100,QGZKDVFQNNGYKY-UHFFFAOYSA-O.VEXZGXHMUGYJMC-UHFFFAOYSA-M>>QDHHCQZDFGDHMP-UHFFFAOYSA-N,[NH4+].[Cl-]>>NCl,Experimental,1
acs.oprd.3c00184,OPRD-100,UEMNUBZZTWYSEI-UHFFFAOYSA-N>>VSPXQZSDPSOPRO-UHFFFAOYSA-N,N#Cc1cccn1N>>Nc1ncnn2cccc12,"Experimental, Table 8, Table 9",3
op700121y,OPRD-100,ASSKVPFEZFQQNQ-UHFFFAOYSA-N>>KRABBWWLDWGYGA-UHFFFAOYSA-N.OMCQBXJRMGMJEE-UHFFFAOYSA-N.YFNAMDVTSIEUCU-UHFFFAOYSA-N,O=c1[nH]c2ccccc2o1>>O=c1oc2ccccc2n1CCCCl.O=c1oc2ccccc2n1CCCn1c(=O)oc2ccccc21.O=c1oc2ccccc2n1CCCBr,"Table 1, entry 1, Table 1, entry 10, Table 1, entry 2, Table 1, entry 3, Table 1, entry 4, Table 1, entry 5, Table 1, entry 6, Table 1, entry 7, Table 1, entry 8, Table 1, entry 9",10
op700121y,OPRD-100,CIUWQHDTQILLNK-RYUDHWBXSA-N.YONLFQNRGZXBBF-KBPBESRZSA-N>>CPELXLSAUQHCOX-UHFFFAOYSA-N.CPELXLSAUQHCOX-UHFFFAOYSA-N.IYACUSQUKWFKQA-RYUDHWBXSA-N.UUNMIRANJUUZED-GJZGRUSLSA-N,c1cc2c3c(c1)[C@@H]1CNCC[C@@H]1N3CCCO2.O=C(O[C@H](C(=O)O)[C@H](OC(=O)c1ccccc1)C(=O)O)c1ccccc1>>CC(C)(C)OC(=O)N1CC[C@H]2[C@@H](C1)c1cc(Br)cc3c1N2CCCO3.Brc1cc2c3c(c1)[C@@H]1CNCC[C@@H]1N3CCCO2.Br.Br,Experimental,1
op700121y,OPRD-100,HYLJXJSMGIOVIK-UHFFFAOYSA-N.VEXZGXHMUGYJMC-UHFFFAOYSA-N>>VEXZGXHMUGYJMC-UHFFFAOYSA-N.ZNWAXISMXVPADQ-UHFFFAOYSA-N,c1ccc2c(c1)NCCCO2.Cl>>c1cc2c3c(c1)c1c(n3CCCO2)CCNC1.Cl,"Experimental, Scheme 6, Scheme 7, main text",2
op700121y,OPRD-100,KRABBWWLDWGYGA-UHFFFAOYSA-N>>HYLJXJSMGIOVIK-UHFFFAOYSA-N,O=c1oc2ccccc2n1CCCCl>>c1ccc2c(c1)NCCCO2,"Scheme 4, main text",1
op700121y,OPRD-100,LADKOBQJOCFCQU-FPOVZHCZSA-N.PYHXGXCGESYPCW-UHFFFAOYSA-N>>KRKNYBCHXYNGOX-UHFFFAOYSA-N.LADKOBQJOCFCQU-FPOVZHCZSA-N,CC(C)Oc1ccc(-c2cc3c4c(c2)[C@@H]2CNCC[C@@H]2N4CCCO3)c(C(F)(F)F)c1.O=C(O)C(c1ccccc1)c1ccccc1>>CC(C)Oc1ccc(-c2cc3c4c(c2)[C@@H]2CNCC[C@@H]2N4CCCO3)c(C(F)(F)F)c1.O=C(O)CC(O)(CC(=O)O)C(=O)O,"Experimental, Scheme 14, main text",2
op700121y,OPRD-100,MQWMPOPSYRZCAI-UHFFFAOYSA-N.UUNMIRANJUUZED-GJZGRUSLSA-N>>LADKOBQJOCFCQU-FPOVZHCZSA-N.PYHXGXCGESYPCW-UHFFFAOYSA-N,CC(C)(C)OC(=O)N1CC[C@H]2[C@@H](C1)c1cc(Br)cc3c1N2CCCO3.CC(C)Oc1ccc(B(O)O)c(C(F)(F)F)c1>>CC(C)Oc1ccc(-c2cc3c4c(c2)[C@@H]2CNCC[C@@H]2N4CCCO3)c(C(F)(F)F)c1.O=C(O)C(c1ccccc1)c1ccccc1,"Experimental, Scheme 13, main text",2
op700121y,OPRD-100,VEXZGXHMUGYJMC-UHFFFAOYSA-N.ZNWAXISMXVPADQ-UHFFFAOYSA-N>>CIUWQHDTQILLNK-RYUDHWBXSA-N.YONLFQNRGZXBBF-KBPBESRZSA-N,c1cc2c3c(c1)c1c(n3CCCO2)CCNC1.Cl>>c1cc2c3c(c1)[C@@H]1CNCC[C@@H]1N3CCCO2.O=C(O[C@H](C(=O)O)[C@H](OC(=O)c1ccccc1)C(=O)O)c1ccccc1,Experimental,1
op700121y,OPRD-100,VEXZGXHMUGYJMC-UHFFFAOYSA-N.ZNWAXISMXVPADQ-UHFFFAOYSA-N>>CIUWQHDTQILLNK-UHFFFAOYSA-N.JMHSAVDVFHVWMA-UHFFFAOYSA-N,c1cc2c3c(c1)c1c(n3CCCO2)CCNC1.Cl>>c1cc2c3c(c1)C1CNCCC1N3CCCO2.C1CC2OCCCN3C4CCNCC4C(C1)C23,"Scheme 8, main text",1
op700121y,OPRD-100,ZNWAXISMXVPADQ-UHFFFAOYSA-N>>CIUWQHDTQILLNK-UHFFFAOYSA-N,c1cc2c3c(c1)c1c(n3CCCO2)CCNC1>>c1cc2c3c(c1)C1CNCCC1N3CCCO2,"Scheme 9, main text",1
op5001226,OPRD-100,DEDYNJVITFVPOG-RNWZCIHWSA-N>>KGCMVKLEIFNHGC-NWBZAITASA-N,CCC(=O)O[C@]1(C(=O)O)[C@H](C)CC2C3C[C@H](F)C4=CC(=O)C=C[C@]4(C)[C@@]3(F)[C@@H](O)C[C@@]21C>>CCC(=O)O[C@@]1(F)[C@H](C)CC2C3C[C@H](F)C4=CC(=O)C=C[C@]4(C)[C@@]3(F)[C@@H](O)C[C@@]21C,Scheme 5,1
op5001226,OPRD-100,DEDYNJVITFVPOG-RNWZCIHWSA-N>>NQWYRNSFHOLIDB-DCPWPRNHSA-N,CCC(=O)O[C@]1(C(=O)O)[C@H](C)CC2C3C[C@H](F)C4=CC(=O)C=C[C@]4(C)[C@@]3(F)[C@@H](O)C[C@@]21C>>CCC(=O)O[C@]1(C(=O)SC(=O)N(C)C)[C@H](C)CC2C3C[C@H](F)C4=CC(=O)C=C[C@]4(C)[C@@]3(F)[C@@H](O)C[C@@]21C,"Experimental, Scheme 2, Scheme 3",3
op5001226,OPRD-100,DEDYNJVITFVPOG-RNWZCIHWSA-N>>QGESYFOFLPJDJW-RNWZCIHWSA-N,CCC(=O)O[C@]1(C(=O)O)[C@H](C)CC2C3C[C@H](F)C4=CC(=O)C=C[C@]4(C)[C@@]3(F)[C@@H](O)C[C@@]21C>>CCC(=O)O[C@]1(C(=O)S)[C@H](C)CC2C3C[C@H](F)C4=CC(=O)C=C[C@]4(C)[C@@]3(F)[C@@H](O)C[C@@]21C,Scheme 2,1
op5001226,OPRD-100,IDGBABILUUVBET-ZNRLDHKLSA-N>>WMWTYOKRWGGJOA-WYZONABHSA-N,CCC(=O)O[C@]1(C(=O)SCC(=O)O)[C@H](C)CC2C3C[C@H](F)C4=CC(=O)C=C[C@]4(C)[C@@]3(F)[C@@H](O)C[C@@]21C>>CCC(=O)O[C@]1(C(=O)SCF)[C@H](C)CC2C3C[C@H](F)C4=CC(=O)C=C[C@]4(C)[C@@]3(F)[C@@H](O)C[C@@]21C,"Experimental, Scheme 2, Scheme 3, Scheme 4 AND Table 1, Scheme 4 AND Table 2",5
op5001226,OPRD-100,ISSQQUKLQJHHOR-KWLYAVASSA-N>>ISSQQUKLQJHHOR-KWLYAVASSA-N,CC(=O)OCC(=O)[C@@]1(O)[C@H](C)CC2C3C[C@H](F)C4=CC(=O)C=C[C@]4(C)[C@@]3(F)[C@@H](O)C[C@@]21C>>CC(=O)OCC(=O)[C@@]1(O)[C@H](C)CC2C3C[C@H](F)C4=CC(=O)C=C[C@]4(C)[C@@]3(F)[C@@H](O)C[C@@]21C,Scheme 1,1
op5001226,OPRD-100,ISSQQUKLQJHHOR-KWLYAVASSA-N>>QSVBUQTYFQFEHC-FULJYSEXSA-N,CC(=O)OCC(=O)[C@@]1(O)[C@H](C)CC2C3C[C@H](F)C4=CC(=O)C=C[C@]4(C)[C@@]3(F)[C@@H](O)C[C@@]21C>>C[C@@H]1CC2C3C[C@H](F)C4=CC(=O)C=C[C@]4(C)[C@@]3(F)[C@@H](O)C[C@]2(C)[C@@]1(O)C(=O)O,Scheme 1,1
op5001226,OPRD-100,JXUWKFOWMVNFLP-DRBBXQFKSA-N>>ISSQQUKLQJHHOR-KWLYAVASSA-N,C[C@@H]1CC2C3C[C@H](F)C4=CC(=O)C=C[C@]4(C)[C@@]3(F)[C@@H](O)C[C@]2(C)[C@@]1(O)C(=O)CI>>CC(=O)OCC(=O)[C@@]1(O)[C@H](C)CC2C3C[C@H](F)C4=CC(=O)C=C[C@]4(C)[C@@]3(F)[C@@H](O)C[C@@]21C,Scheme 1,1
op5001226,OPRD-100,NQWYRNSFHOLIDB-DCPWPRNHSA-N>>QGESYFOFLPJDJW-RNWZCIHWSA-N,CCC(=O)O[C@]1(C(=O)SC(=O)N(C)C)[C@H](C)CC2C3C[C@H](F)C4=CC(=O)C=C[C@]4(C)[C@@]3(F)[C@@H](O)C[C@@]21C>>CCC(=O)O[C@]1(C(=O)S)[C@H](C)CC2C3C[C@H](F)C4=CC(=O)C=C[C@]4(C)[C@@]3(F)[C@@H](O)C[C@@]21C,"Experimental, Scheme 2, Scheme 3",3
op5001226,OPRD-100,QGESYFOFLPJDJW-RNWZCIHWSA-N>>IDGBABILUUVBET-ZNRLDHKLSA-N,CCC(=O)O[C@]1(C(=O)S)[C@H](C)CC2C3C[C@H](F)C4=CC(=O)C=C[C@]4(C)[C@@]3(F)[C@@H](O)C[C@@]21C>>CCC(=O)O[C@]1(C(=O)SCC(=O)O)[C@H](C)CC2C3C[C@H](F)C4=CC(=O)C=C[C@]4(C)[C@@]3(F)[C@@H](O)C[C@@]21C,"Experimental, Scheme 2, Scheme 3",3
op5001226,OPRD-100,QGESYFOFLPJDJW-RNWZCIHWSA-N>>WMWTYOKRWGGJOA-WYZONABHSA-N,CCC(=O)O[C@]1(C(=O)S)[C@H](C)CC2C3C[C@H](F)C4=CC(=O)C=C[C@]4(C)[C@@]3(F)[C@@H](O)C[C@@]21C>>CCC(=O)O[C@]1(C(=O)SCF)[C@H](C)CC2C3C[C@H](F)C4=CC(=O)C=C[C@]4(C)[C@@]3(F)[C@@H](O)C[C@@]21C,Scheme 2,1
op5001226,OPRD-100,QGESYFOFLPJDJW-RNWZCIHWSA-N>>YOZUYDVYGVWLST-WYZONABHSA-N,CCC(=O)O[C@]1(C(=O)S)[C@H](C)CC2C3C[C@H](F)C4=CC(=O)C=C[C@]4(C)[C@@]3(F)[C@@H](O)C[C@@]21C>>CCC(=O)O[C@]1(C(=O)SCO)[C@H](C)CC2C3C[C@H](F)C4=CC(=O)C=C[C@]4(C)[C@@]3(F)[C@@H](O)C[C@@]21C,Scheme 2,1
op5001226,OPRD-100,QSVBUQTYFQFEHC-FULJYSEXSA-N>>DEDYNJVITFVPOG-RNWZCIHWSA-N,C[C@@H]1CC2C3C[C@H](F)C4=CC(=O)C=C[C@]4(C)[C@@]3(F)[C@@H](O)C[C@]2(C)[C@@]1(O)C(=O)O>>CCC(=O)O[C@]1(C(=O)O)[C@H](C)CC2C3C[C@H](F)C4=CC(=O)C=C[C@]4(C)[C@@]3(F)[C@@H](O)C[C@@]21C,"Experimental, Scheme 2, Scheme 3",3
op5001226,OPRD-100,QSVBUQTYFQFEHC-FULJYSEXSA-N>>QSVBUQTYFQFEHC-FULJYSEXSA-N,C[C@@H]1CC2C3C[C@H](F)C4=CC(=O)C=C[C@]4(C)[C@@]3(F)[C@@H](O)C[C@]2(C)[C@@]1(O)C(=O)O>>C[C@@H]1CC2C3C[C@H](F)C4=CC(=O)C=C[C@]4(C)[C@@]3(F)[C@@H](O)C[C@]2(C)[C@@]1(O)C(=O)O,Experimental,1
op5001226,OPRD-100,TUDAXQKYSCXPKR-KYFQBKCUSA-N>>JXUWKFOWMVNFLP-DRBBXQFKSA-N,CC(=O)[C@@]1(O)[C@H](C)CC2C3C[C@H](F)C4=CC(=O)C=C[C@]4(C)[C@@]3(F)[C@@H](O)C[C@@]21C>>C[C@@H]1CC2C3C[C@H](F)C4=CC(=O)C=C[C@]4(C)[C@@]3(F)[C@@H](O)C[C@]2(C)[C@@]1(O)C(=O)CI,"Experimental, Scheme 1",2
op5001226,OPRD-100,TUDAXQKYSCXPKR-KYFQBKCUSA-N>>QSVBUQTYFQFEHC-FULJYSEXSA-N,CC(=O)[C@@]1(O)[C@H](C)CC2C3C[C@H](F)C4=CC(=O)C=C[C@]4(C)[C@@]3(F)[C@@H](O)C[C@@]21C>>C[C@@H]1CC2C3C[C@H](F)C4=CC(=O)C=C[C@]4(C)[C@@]3(F)[C@@H](O)C[C@]2(C)[C@@]1(O)C(=O)O,Scheme 3,1
op5001226,OPRD-100,WMWTYOKRWGGJOA-WYZONABHSA-N>>DEDYNJVITFVPOG-RNWZCIHWSA-N,CCC(=O)O[C@]1(C(=O)SCF)[C@H](C)CC2C3C[C@H](F)C4=CC(=O)C=C[C@]4(C)[C@@]3(F)[C@@H](O)C[C@@]21C>>CCC(=O)O[C@]1(C(=O)O)[C@H](C)CC2C3C[C@H](F)C4=CC(=O)C=C[C@]4(C)[C@@]3(F)[C@@H](O)C[C@@]21C,Scheme 5,1
op5001226,OPRD-100,YOZUYDVYGVWLST-WYZONABHSA-N>>WMWTYOKRWGGJOA-WYZONABHSA-N,CCC(=O)O[C@]1(C(=O)SCO)[C@H](C)CC2C3C[C@H](F)C4=CC(=O)C=C[C@]4(C)[C@@]3(F)[C@@H](O)C[C@@]21C>>CCC(=O)O[C@]1(C(=O)SCF)[C@H](C)CC2C3C[C@H](F)C4=CC(=O)C=C[C@]4(C)[C@@]3(F)[C@@H](O)C[C@@]21C,Scheme 2,1
acs.oprd.5b00406,OPRD-100,AYFJBMBVXWNYLT-UHFFFAOYSA-N>>DGQUMYDUFBBKPK-UHFFFAOYSA-N,COc1ccc2cc(Br)ccc2c1>>C=Cc1ccc2cc(OC)ccc2c1,Experimental,1
acs.oprd.5b00406,OPRD-100,DGQUMYDUFBBKPK-UHFFFAOYSA-N>>DNXVTWDXWWBKCQ-UHFFFAOYSA-N.RCGQAPUWWHXBOK-SNVBAGLBSA-N,C=Cc1ccc2cc(OC)ccc2c1>>COc1ccc2cc([C@H](C)C=O)ccc2c1.COc1ccc2cc(CCC=O)ccc2c1,"Experimental, Figure 5, Figure 6, Table 1, Table 2, Table 3, Table 4, Table 5",8
acs.oprd.6b00066,OPRD-100,LEQAOMBKQFMDFZ-UHFFFAOYSA-N.ZHNUHDYFZUAESO-UHFFFAOYSA-N>>YKZLYEKCXZMSQH-UHFFFAOYSA-N,NC=O.O=CC=O>>O=CN1C(O)C(O)N(C=O)C(O)C1O,"Experimental, Scheme 1",2
acs.oprd.8b00139,OPRD-100,HFBNSECTGDGKLE-UHFFFAOYSA-N>>PVUOBVLYQILCTE-LURJTMIESA-N,N#CC1=CC(=O)CCC1>>N#C[C@H]1CCCC(=O)C1,"Experimental, Table 4",2
acs.oprd.8b00139,OPRD-100,HFBNSECTGDGKLE-UHFFFAOYSA-N>>PVUOBVLYQILCTE-UHFFFAOYSA-N,N#CC1=CC(=O)CCC1>>N#CC1CCCC(=O)C1,Table 4,1
acs.oprd.8b00139,OPRD-100,MAEFSJWFUPHVPY-UHFFFAOYSA-N>>MAEFSJWFUPHVPY-UHFFFAOYSA-N.WATQNARHYZXAGY-UHFFFAOYSA-N,COC(=O)C1CCCC(=O)C1>>COC(=O)C1CCCC(=O)C1.O=C1CCCC(C(=O)O)C1,Table 1,1
acs.oprd.8b00139,OPRD-100,MAEFSJWFUPHVPY-UHFFFAOYSA-N>>MAEFSJWFUPHVPY-ZCFIWIBFSA-N,COC(=O)C1CCCC(=O)C1>>COC(=O)[C@@H]1CCCC(=O)C1,Experimental,1
acs.oprd.8b00139,OPRD-100,PVUOBVLYQILCTE-UHFFFAOYSA-N>>PVUOBVLYQILCTE-LURJTMIESA-N,N#CC1CCCC(=O)C1>>N#C[C@H]1CCCC(=O)C1,"Experimental, Table 6",2
acs.oprd.8b00139,OPRD-100,PVUOBVLYQILCTE-UHFFFAOYSA-N>>PVUOBVLYQILCTE-UHFFFAOYSA-N.WATQNARHYZXAGY-UHFFFAOYSA-N,N#CC1CCCC(=O)C1>>N#CC1CCCC(=O)C1.O=C1CCCC(C(=O)O)C1,Table 5,1
acs.oprd.8b00139,OPRD-100,ZAFRZAWONSENGC-UHFFFAOYSA-N>>MAEFSJWFUPHVPY-LURJTMIESA-N,COC(=O)C1=CC(=O)CCC1>>COC(=O)[C@H]1CCCC(=O)C1,"Experimental, Figure 3",2
acs.oprd.8b00139,OPRD-100,ZAFRZAWONSENGC-UHFFFAOYSA-N>>MAEFSJWFUPHVPY-UHFFFAOYSA-N,COC(=O)C1=CC(=O)CCC1>>COC(=O)C1CCCC(=O)C1,"Table 2, Table 3",2
acs.oprd.8b00139,OPRD-100,ZAFRZAWONSENGC-UHFFFAOYSA-N>>MAEFSJWFUPHVPY-ZCFIWIBFSA-N,COC(=O)C1=CC(=O)CCC1>>COC(=O)[C@@H]1CCCC(=O)C1,Experimental,1
acs.oprd.8b00179,OPRD-100,CXEAKCGTDDADJS-FTRWYGJKSA-N>>SAOVGDBWXFBMOC-DOXZYTNZSA-N,COC(=O)[C@H]1C[C@@]2(C[C@@H]1NC(=O)OCc1ccccc1)OCCC2(C)C>>CC1(C)CCO[C@@]12C[C@H](NC(=O)OCc1ccccc1)[C@@H](C(=O)O)C2,Scheme 1,1
acs.oprd.8b00179,OPRD-100,DINFKQKYWDIFSV-RYUDHWBXSA-N>>DINFKQKYWDIFSV-RYUDHWBXSA-N,COC(=O)[C@H]1CC(=O)C[C@@H]1C(=O)Oc1ccccc1>>COC(=O)[C@H]1CC(=O)C[C@@H]1C(=O)Oc1ccccc1,Scheme 1,1
acs.oprd.8b00179,OPRD-100,DINFKQKYWDIFSV-RYUDHWBXSA-N>>VSZHIGJBGBNXPZ-YIYRCGFGSA-N,COC(=O)[C@H]1CC(=O)C[C@@H]1C(=O)Oc1ccccc1>>C=CC(C)(C)C1(O)C[C@H](C(=O)OC)[C@@H](C(=O)Oc2ccccc2)C1,Scheme 1,1
acs.oprd.8b00179,OPRD-100,FVRHTIIWQKUYTM-QWRGUYRKSA-N>>DINFKQKYWDIFSV-RYUDHWBXSA-N,COC(=O)[C@@H](CC(=O)O)[C@H](CC(=O)O)C(=O)Oc1ccccc1>>COC(=O)[C@H]1CC(=O)C[C@@H]1C(=O)Oc1ccccc1,Scheme 1,1
acs.oprd.8b00179,OPRD-100,GMKJWKXCHOWVDN-BQBZGAKWSA-N>>GMKJWKXCHOWVDN-BQBZGAKWSA-N.GMKJWKXCHOWVDN-RNFRBKRXSA-N,COC(=O)[C@H]1CC(=O)C[C@@H]1C(=O)OC>>COC(=O)[C@H]1CC(=O)C[C@@H]1C(=O)OC.COC(=O)[C@@H]1CC(=O)C[C@H]1C(=O)OC,Scheme 2,1
acs.oprd.8b00179,OPRD-100,GMKJWKXCHOWVDN-BQBZGAKWSA-N>>GYBGPGSQXCLICU-RVBZMBCESA-N.HBZBGSFKVGSZGZ-UWVGGRQHSA-N,COC(=O)[C@H]1CC(=O)C[C@@H]1C(=O)OC>>C=CC(C)(C)[C@]12C[C@H](C(=O)OC)[C@H](C1)C(=O)O2.C=CC(C)(C)C1(O)C[C@H](C(=O)OC)[C@@H](C(=O)OC)C1,"Scheme 3, Scheme 9",2
acs.oprd.8b00179,OPRD-100,GMKJWKXCHOWVDN-RNFRBKRXSA-N>>GMKJWKXCHOWVDN-BQBZGAKWSA-N,COC(=O)[C@@H]1CC(=O)C[C@H]1C(=O)OC>>COC(=O)[C@H]1CC(=O)C[C@@H]1C(=O)OC,Experimental,1
acs.oprd.8b00179,OPRD-100,GMKJWKXCHOWVDN-RNFRBKRXSA-N>>GMKJWKXCHOWVDN-BQBZGAKWSA-N.GMKJWKXCHOWVDN-RNFRBKRXSA-N,COC(=O)[C@@H]1CC(=O)C[C@H]1C(=O)OC>>COC(=O)[C@H]1CC(=O)C[C@@H]1C(=O)OC.COC(=O)[C@@H]1CC(=O)C[C@H]1C(=O)OC,Scheme 9,1
acs.oprd.8b00179,OPRD-100,GYBGPGSQXCLICU-RVBZMBCESA-N.HBZBGSFKVGSZGZ-UWVGGRQHSA-N>>VQPQCEHRVUHZCI-YUMQZZPRSA-N,C=CC(C)(C)[C@]12C[C@H](C(=O)OC)[C@H](C1)C(=O)O2.C=CC(C)(C)C1(O)C[C@H](C(=O)OC)[C@@H](C(=O)OC)C1>>C=CC(C)(C)C1(O)C[C@H](C(=O)O)[C@@H](C(=O)O)C1,"Experimental, Scheme 9",2
acs.oprd.8b00179,OPRD-100,GYBGPGSQXCLICU-RVBZMBCESA-N>>HBZBGSFKVGSZGZ-UWVGGRQHSA-N,C=CC(C)(C)[C@]12C[C@H](C(=O)OC)[C@H](C1)C(=O)O2>>C=CC(C)(C)C1(O)C[C@H](C(=O)OC)[C@@H](C(=O)OC)C1,Scheme 3,1
acs.oprd.8b00179,OPRD-100,GYBGPGSQXCLICU-RVBZMBCESA-N>>VQPQCEHRVUHZCI-YUMQZZPRSA-N,C=CC(C)(C)[C@]12C[C@H](C(=O)OC)[C@H](C1)C(=O)O2>>C=CC(C)(C)C1(O)C[C@H](C(=O)O)[C@@H](C(=O)O)C1,Scheme 4,1
acs.oprd.8b00179,OPRD-100,HCHKCACWOHOZIP-UHFFFAOYSA-N.PAAZPARNPHGIKF-UHFFFAOYSA-N>>GYBGPGSQXCLICU-RVBZMBCESA-N.HBZBGSFKVGSZGZ-UWVGGRQHSA-N,BrCCBr.[Zn]>>C=CC(C)([C@]12C[C@@H]([C@@H](C(O2)=O)C1)C(OC)=O)C.C=CC(C)(C3(C[C@@H]([C@H](C3)C(OC)=O)C(OC)=O)O)C,Experimental,1
acs.oprd.8b00179,OPRD-100,HZGOSFTXUIJXKB-MQIPJXDCSA-N>>HUCLIPVEVOWTAO-LICYYNRDSA-N.UFQZAJHJYXMBEC-MQIPJXDCSA-N,C=CC(C)(C)[C@@]1(O)C[C@H](C(=O)OC)[C@@H](C(=O)OC(C)C)C1>>COC(=O)[C@H]1C[C@](O)(C(C)(C)CCO)C[C@@H]1C(=O)OC(C)C.COC(=O)[C@H]1C[C@](O)(C(C)(C)C(C)O)C[C@@H]1C(=O)OC(C)C,Scheme 5,1
acs.oprd.8b00179,OPRD-100,KMOUUZVZFBCRAM-OLQVQODUSA-N>>MYYLMIDEMAPSGH-BQBZGAKWSA-N,O=C1OC(=O)[C@@H]2CC=CC[C@H]12>>COC(=O)[C@H]1CC=CC[C@@H]1C(=O)O,Scheme 1,1
acs.oprd.8b00179,OPRD-100,MWLIRLRXMPQYKU-NIJOCRIKSA-N>>VKHVPTOXWSXGQK-OSAWLIQMSA-N,CC(C)(C)OC(=O)N1CCC[C@H](NC(=O)[C@H]2C[C@@]3(C[C@@H]2NC(=O)Oc2ccccc2)OCCC3(C)C)C1>>CC(C)(C)OC(=O)N1CCC[C@H](NC(=O)[C@H]2C[C@@]3(C[C@@H]2N)OCCC3(C)C)C1,"Experimental, Scheme 8, Scheme 9",3
acs.oprd.8b00179,OPRD-100,MXTOXCKJPMKHHT-DOXZYTNZSA-N>>WNKQQOXARRKDOF-DOXZYTNZSA-N,COC(=O)[C@H]1C[C@@](O)(C(C)(C)CCO)C[C@@H]1C(=O)Oc1ccccc1>>COC(=O)[C@H]1C[C@@]2(C[C@@H]1C(=O)Oc1ccccc1)OCCC2(C)C,Scheme 1,1
acs.oprd.8b00179,OPRD-100,MYYLMIDEMAPSGH-BQBZGAKWSA-N>>PUUDLCITFBQGAJ-STQMWFEESA-N,COC(=O)[C@H]1CC=CC[C@@H]1C(=O)O>>COC(=O)[C@H]1CC=CC[C@@H]1C(=O)Oc1ccccc1,Scheme 1,1
acs.oprd.8b00179,OPRD-100,PUUDLCITFBQGAJ-STQMWFEESA-N>>FVRHTIIWQKUYTM-QWRGUYRKSA-N,COC(=O)[C@H]1CC=CC[C@@H]1C(=O)Oc1ccccc1>>COC(=O)[C@@H](CC(=O)O)[C@H](CC(=O)O)C(=O)Oc1ccccc1,Scheme 1,1
acs.oprd.8b00179,OPRD-100,SAOVGDBWXFBMOC-DOXZYTNZSA-N>>LIUOQBFJCFPXEZ-VCTIXIOLSA-N,CC1(C)CCO[C@@]12C[C@H](NC(=O)OCc1ccccc1)[C@@H](C(=O)O)C2>>CC(C)(C)OC(=O)N1CCC[C@H](NC(=O)[C@H]2C[C@@]3(C[C@@H]2NC(=O)OCc2ccccc2)OCCC3(C)C)C1,"Experimental, Scheme 1, Scheme 7, Scheme 9",4
acs.oprd.8b00179,OPRD-100,VRDITPZWLICNJC-PGUXBMHVSA-N>>HZGOSFTXUIJXKB-MQIPJXDCSA-N,C=CC(C)(C)[C@]12C[C@H](C(=O)OC(C)C)[C@H](C1)C(=O)O2>>C=CC(C)(C)[C@@]1(O)C[C@H](C(=O)OC)[C@@H](C(=O)OC(C)C)C1,"Experimental, Scheme 4, Scheme 9",3
acs.oprd.8b00179,OPRD-100,VSZHIGJBGBNXPZ-DOXZYTNZSA-N>>MXTOXCKJPMKHHT-DOXZYTNZSA-N,C=CC(C)(C)[C@]1(O)C[C@H](C(=O)OC)[C@@H](C(=O)Oc2ccccc2)C1>>COC(=O)[C@H]1C[C@@](O)(C(C)(C)CCO)C[C@@H]1C(=O)Oc1ccccc1,Scheme 1,1
acs.oprd.8b00179,OPRD-100,VSZHIGJBGBNXPZ-YIYRCGFGSA-N>>VSZHIGJBGBNXPZ-DOXZYTNZSA-N,C=CC(C)(C)C1(O)C[C@H](C(=O)OC)[C@@H](C(=O)Oc2ccccc2)C1>>C=CC(C)(C)[C@]1(O)C[C@H](C(=O)OC)[C@@H](C(=O)Oc2ccccc2)C1,Scheme 1,1
acs.oprd.8b00179,OPRD-100,WNKQQOXARRKDOF-DOXZYTNZSA-N>>YTAATITWXXWFPH-MWODSPESSA-N,COC(=O)[C@H]1C[C@@]2(C[C@@H]1C(=O)Oc1ccccc1)OCCC2(C)C>>COC(=O)[C@H]1C[C@@]2(C[C@@H]1C(=O)O)OCCC2(C)C,Scheme 1,1
acs.oprd.8b00179,OPRD-100,YTAATITWXXWFPH-MWODSPESSA-N>>CXEAKCGTDDADJS-FTRWYGJKSA-N,COC(=O)[C@H]1C[C@@]2(C[C@@H]1C(=O)O)OCCC2(C)C>>COC(=O)[C@H]1C[C@@]2(C[C@@H]1NC(=O)OCc1ccccc1)OCCC2(C)C,Scheme 1,1
acs.oprd.6b00011,OPRD-100,DZZKXXUZRAQJQI-UHFFFAOYSA-N>>OMGBFBCYVZDOCR-UHFFFAOYSA-N,Clc1nc(N2CCOCC2)c2ncn(C3CCCCO3)c2n1>>CC(C)(O)c1nc2c(N3CCOCC3)nc(Cl)nc2n1C1CCCCO1,Scheme 1,1
acs.oprd.6b00011,OPRD-100,GTRZYZYMRVTUTC-UHFFFAOYSA-N>>AIEAVVLVVUPJRX-UHFFFAOYSA-N.DGKRLCJLNNOLBA-UHFFFAOYSA-N.OMVPGWNAEVIPIU-UHFFFAOYSA-N,CC(C)(O)c1nc2c(N3CCOCC3)nc(Cl)nc2[nH]1>>CC1(C)OCCn2c1nc1c(N3CCOCC3)nc(Cl)nc12.C=Cn1c(C(C)(C)O)nc2c(N3CCOCC3)nc(Cl)nc21.CC(C)(O)c1nc2c(N3CCOCC3)nc(Cl)nc2n1CCBr,Table 1,1
acs.oprd.6b00011,OPRD-100,GTRZYZYMRVTUTC-UHFFFAOYSA-N>>DGKRLCJLNNOLBA-UHFFFAOYSA-N,CC(C)(O)c1nc2c(N3CCOCC3)nc(Cl)nc2[nH]1>>CC1(C)OCCn2c1nc1c(N3CCOCC3)nc(Cl)nc12,"Experimental, Figure 9, Scheme 2, Scheme 3, Table 3",5
acs.oprd.6b00011,OPRD-100,GTRZYZYMRVTUTC-UHFFFAOYSA-N>>XNXCORUTFNKZGI-UHFFFAOYSA-N,CC(C)(O)c1nc2c(N3CCOCC3)nc(Cl)nc2[nH]1>>CC(C)(O)c1nc2c(N3CCOCC3)nc(Cl)nc2n1CCO,Scheme 1,1
acs.oprd.6b00011,OPRD-100,LGWACEZVCMBSKW-UHFFFAOYSA-N>>GTKPFCZIGXALKJ-UHFFFAOYSA-N,CC1(C)OCCn2c1nc1c(N3CCOCC3)nc(-c3cnc(N)nc3)nc12>>CC(=O)Nc1ncc(-c2nc(N3CCOCC3)c3nc4n(c3n2)CCOC4(C)C)cn1,"Figure 10, Figure 11",2
acs.oprd.6b00011,OPRD-100,LGWACEZVCMBSKW-UHFFFAOYSA-N>>LGWACEZVCMBSKW-UHFFFAOYSA-N,CC1(C)OCCn2c1nc1c(N3CCOCC3)nc(-c3cnc(N)nc3)nc12>>CC1(C)OCCn2c1nc1c(N3CCOCC3)nc(-c3cnc(N)nc3)nc12,"Experimental, Scheme 3",2
acs.oprd.6b00011,OPRD-100,XNXCORUTFNKZGI-UHFFFAOYSA-N>>DGKRLCJLNNOLBA-UHFFFAOYSA-N,CC(C)(O)c1nc2c(N3CCOCC3)nc(Cl)nc2n1CCO>>CC1(C)OCCn2c1nc1c(N3CCOCC3)nc(Cl)nc12,Scheme 1,1
acs.oprd.6b00292,OPRD-100,ASPDJZINBYYZRU-UHFFFAOYSA-N>>OHNQWJVOYJAFQQ-UHFFFAOYSA-N,Nc1ccc(Cl)c(C(F)(F)F)c1>>Cc1ccc(-c2cn(-c3ccc(Cl)c(C(F)(F)F)c3)nn2)cc1,"Table 2, Scheme 2, Experimental",1
acs.oprd.6b00292,OPRD-100,GVBHRNIWBGTNQA-UHFFFAOYSA-N.RLSZFWDSJVNVJP-UHFFFAOYSA-N>>OZJRLXVZCULQRH-UHFFFAOYSA-N,COc1cc([N+](=O)[O-])ccc1N.COc1cc([N+](=O)[O-])ccc1N=[N+]=[N-]>>COc1cc([N+](=O)[O-])ccc1-n1cc(-c2ccccc2)nn1,"Table 2, Scheme 2, Experimental",1
acs.oprd.6b00292,OPRD-100,LZXXNPOYQCLXRS-UHFFFAOYSA-N>>SGCNPMGFYIMCGB-UHFFFAOYSA-N,COC(=O)c1ccc(N)cc1>>COC(=O)c1ccc(-n2nnc(C#N)c2N)cc1,"Table 3, Scheme 2",1
acs.oprd.6b00292,OPRD-100,UFFBMTHBGFGIHF-UHFFFAOYSA-N>>DKPIJBPAZKLYBA-UHFFFAOYSA-N,Cc1cccc(C)c1N>>Cc1ccc(-c2cn(-c3c(C)cccc3C)nn2)cc1,"Table 2, Scheme 2, Experimental",1
acs.oprd.7b00153,OPRD-100,JYGAZEJXUVDYHI-YIPFDTCYSA-N>>BLUAFEHZUWYNDE-YSUSSWRZSA-N,CC1=C[C@@H]2C([C@@H](C)C(=O)O)CC[C@@H](C)[C@@H]2CC1>>C[C@@H]1CCC2[C@@H](C)C(=O)O[C@@H]3O[C@@]4(C)CCC1[C@@]23OO4,Table 1,1
acs.oprd.7b00153,OPRD-100,JYGAZEJXUVDYHI-YIPFDTCYSA-N>>PLAYIZSYWHFSJD-JLXQEFLYSA-N.WCRHLQJCUOBAKM-LNJMEUIESA-N,CC1=C[C@@H]2C([C@@H](C)C(=O)O)CC[C@@H](C)[C@@H]2CC1>>C=C1CC[C@@H]2[C@H](C1OO)C([C@@H](C)C(=O)O)CC[C@H]2C.C[C@@H]1CCC([C@@H](C)C(=O)O)C2=CC(C)(OO)CC[C@H]21,Scheme 5,1
acs.oprd.7b00153,OPRD-100,WCRHLQJCUOBAKM-LNJMEUIESA-N>>BLUAFEHZUWYNDE-YSUSSWRZSA-N,C[C@@H]1CCC([C@@H](C)C(=O)O)C2=CC(C)(OO)CC[C@H]21>>C[C@@H]1CCC2[C@@H](C)C(=O)O[C@@H]3O[C@@]4(C)CCC1[C@@]23OO4,Scheme 5,1
acs.oprd.7b00153,OPRD-100,YHQGMYUVUMAZJR-UHFFFAOYSA-N>>HFPZCAJZSCWRBC-UHFFFAOYSA-N.MGYMHQJELJYRQS-UHFFFAOYSA-N,CC1=CC=C(C(C)C)CC1>>CC(C)C12C=CC(C)(CC1)OO2.Cc1ccc(C(C)C)cc1,"Scheme 2, Figure 4, Scheme 2, Figure 5",2
op7002198,OPRD-100,HMCZDCKAEPCEGT-UHFFFAOYSA-N.XBNGYFFABRKICK-UHFFFAOYSA-N>>JPQNCXRMSKVJSK-UHFFFAOYSA-N,CCCCCCCCCCCCCCCCCC(=O)NCCOCCOCC(=O)O.Oc1c(F)c(F)c(F)c(F)c1F>>CCCCCCCCCCCCCCCCCC(=O)NCCOCCOCC(=O)Oc1c(F)c(F)c(F)c(F)c1F,Experimental,1
acs.oprd.7b00217,OPRD-100,AOWNYDDZDLTCGB-UHFFFAOYSA-N>>MKMCJLMBVKHUMS-UHFFFAOYSA-N,COc1ccc(N)c(O)c1>>COc1ccc2[nH]c(=O)oc2c1,Figure 7,1
acs.oprd.7b00217,OPRD-100,CDAWCLOXVUBKRW-UHFFFAOYSA-N>>ASSKVPFEZFQQNQ-UHFFFAOYSA-N,Nc1ccccc1O>>O=c1[nH]c2ccccc2o1,"Figure 3, Figure 4, Figure 5, Figure 7",4
acs.oprd.7b00217,OPRD-100,CDAWCLOXVUBKRW-UHFFFAOYSA-N>>ASSKVPFEZFQQNQ-UHFFFAOYSA-N.RDJXPXHQENRCNG-UHFFFAOYSA-N,Nc1ccccc1O>>O=c1[nH]c2ccccc2o1.Nc1cc2nc3ccccc3oc-2cc1=O,Table 1,1
acs.oprd.7b00217,OPRD-100,FEDLEBCVFZMHBP-UHFFFAOYSA-N>>ZTOHIACMTGKKDU-UHFFFAOYSA-N,Cc1cccc(O)c1N>>Cc1cccc2oc(=O)[nH]c12,Figure 7,1
acs.oprd.7b00217,OPRD-100,HFCOMOKKPQIADM-UHFFFAOYSA-N>>SOFXMTPJGAMAAC-UHFFFAOYSA-N,CC(C)(C)c1ccc(N)c(O)c1>>CC(C)(C)c1ccc2[nH]c(=O)oc2c1,Figure 7,1
acs.oprd.7b00217,OPRD-100,IJXJGQCXFSSHNL-MRVPVSSYSA-N>>QDMNNMIOWVJVLY-MRVPVSSYSA-N,N[C@H](CO)c1ccccc1>>O=C1N[C@@H](c2ccccc2)CO1,Figure 7,1
acs.oprd.7b00217,OPRD-100,IJXJGQCXFSSHNL-QMMMGPOBSA-N>>QDMNNMIOWVJVLY-QMMMGPOBSA-N,N[C@@H](CO)c1ccccc1>>O=C1N[C@H](c2ccccc2)CO1,Figure 7,1
acs.oprd.7b00217,OPRD-100,KPRZOPQOBJRYSW-UHFFFAOYSA-N>>OOYREISBUILOLV-UHFFFAOYSA-N,NCc1ccccc1O>>O=C1NCc2ccccc2O1,Figure 7,1
acs.oprd.7b00217,OPRD-100,PWMWNFMRSKOCEY-UHFFFAOYSA-N>>ZKOGUIGAVNCCKH-UHFFFAOYSA-N,OCC(O)c1ccccc1>>O=C1OCC(c2ccccc2)O1,Figure 7,1
acs.oprd.7b00217,OPRD-100,STVVMTBJNDTZBF-SECBINFHSA-N>>OJOFMLDBXPDXLQ-SECBINFHSA-N,N[C@@H](CO)Cc1ccccc1>>O=C1N[C@H](Cc2ccccc2)CO1,Figure 7,1
acs.oprd.7b00217,OPRD-100,STVVMTBJNDTZBF-VIFPVBQESA-N>>OJOFMLDBXPDXLQ-VIFPVBQESA-N,N[C@H](CO)Cc1ccccc1>>O=C1N[C@@H](Cc2ccccc2)CO1,Figure 7,1
acs.oprd.7b00217,OPRD-100,ULSIYEODSMZIPX-UHFFFAOYSA-N>>ARILQDNHZGKJBK-UHFFFAOYSA-N,NCC(O)c1ccccc1>>O=C1NCC(c2ccccc2)O1,Figure 7,1
acs.oprd.7b00217,OPRD-100,VYFOAVADNIHPTR-UHFFFAOYSA-N>>SYZIUAAQNFJPJY-UHFFFAOYSA-N,Nc1ccccc1CO>>O=C1Nc2ccccc2CO1,Figure 7,1
acs.oprd.7b00217,OPRD-100,XESZUVZBAMCAEJ-UHFFFAOYSA-N>>KLQJKXDFHGURBO-UHFFFAOYSA-N,CC(C)(C)c1ccc(O)c(O)c1>>CC(C)(C)c1ccc2oc(=O)oc2c1,Figure 7,1
acs.oprd.7b00217,OPRD-100,YCIMNLLNPGFGHC-UHFFFAOYSA-N>>NZPSDGIEKAQVEZ-UHFFFAOYSA-N,Oc1ccccc1O>>O=c1oc2ccccc2o1,Figure 7,1
acs.oprd.8b00163,OPRD-100,CJVLSQCXDBMEIU-UHFFFAOYSA-N.HKBUFTCADGLKAS-UHFFFAOYSA-N>>IRKAPIGGJLXMLF-UHFFFAOYSA-N.SDBGPXSXEMGCKQ-UHFFFAOYSA-N,OCC#Cc1cccnc1.C[Si](C)(C)CN=[N+]=[N-]>>C[Si](C)(C)Cn1nnc(-c2cccnc2)c1CO.C[Si](C)(C)Cn1nnc(CO)c1-c1cccnc1,"Experimental, Table 2",2
acs.oprd.8b00163,OPRD-100,GHUURDQYRGVEHX-UHFFFAOYSA-N.UDLLFLQFQMACJB-UHFFFAOYSA-N>>MEFZIAOEGPHTJB-UHFFFAOYSA-N.ZQCODPWYFDNKPA-UHFFFAOYSA-N,CC#Cc1ccccc1.[N-]=[N+]=NCc1ccccc1>>Cc1c(-c2ccccc2)nnn1Cc1ccccc1.Cc1nnn(Cc2ccccc2)c1-c1ccccc1,"Experimental, Table 2",2
acs.oprd.8b00163,OPRD-100,HKBUFTCADGLKAS-UHFFFAOYSA-N.WWGSGDUAHBSTER-UHFFFAOYSA-N>>NCWHMRFEVWRFNG-UHFFFAOYSA-N,Cc1cccc(C#CCO)n1.C[Si](C)(C)CN=[N+]=[N-]>>Cc1cccc(-c2c(CO)nnn2C[Si](C)(C)C)n1,Experimental,1
acs.oprd.8b00163,OPRD-100,QFLBWNWKBXCHKS-UHFFFAOYSA-N.UDLLFLQFQMACJB-UHFFFAOYSA-N>>QTZBBARYWKAUON-UHFFFAOYSA-N.RKGOMOCZASOGFZ-UHFFFAOYSA-N,COC(=O)c1ccc(C#CCO)cc1.[N-]=[N+]=NCc1ccccc1>>COC(=O)c1ccc(-c2nnn(Cc3ccccc3)c2CO)cc1.COC(=O)c1ccc(-c2c(CO)nnn2Cc2ccccc2)cc1,"Experimental, Table 2",2
acs.oprd.8b00163,OPRD-100,SUSLWESCFPXNRH-UHFFFAOYSA-N.UDLLFLQFQMACJB-UHFFFAOYSA-N>>FRMVJPYGLHBBIX-UHFFFAOYSA-N.YITUAAFJGLRKEV-UHFFFAOYSA-N,COc1ccc(C#CCO)cc1.[N-]=[N+]=NCc1ccccc1>>COc1ccc(-c2nnn(Cc3ccccc3)c2CO)cc1.COc1ccc(-c2c(CO)nnn2Cc2ccccc2)cc1,"Experimental, Table 2",2
acs.oprd.8b00163,OPRD-100,UDLLFLQFQMACJB-UHFFFAOYSA-N.WWGSGDUAHBSTER-UHFFFAOYSA-N>>KCJXILASFLTSEE-UHFFFAOYSA-N.UNUHEXQCVNFFCS-UHFFFAOYSA-N,Cc1cccc(C#CCO)n1.[N-]=[N+]=NCc1ccccc1>>Cc1cccc(-c2nnn(Cc3ccccc3)c2CO)n1.Cc1cccc(-c2c(CO)nnn2Cc2ccccc2)n1,"Experimental, Table 2",2
acs.oprd.8b00163,OPRD-100,UDLLFLQFQMACJB-UHFFFAOYSA-N.XXVUZDYGEDBOHT-UHFFFAOYSA-N>>LEKCAVDCJBWZGR-UHFFFAOYSA-N.OZAVWHWRXZSLGN-UHFFFAOYSA-N,OCC#Cc1ccc(Br)cc1.[N-]=[N+]=NCc1ccccc1>>OCc1c(-c2ccc(Br)cc2)nnn1Cc1ccccc1.OCc1nnn(Cc2ccccc2)c1-c1ccc(Br)cc1,"Experimental, Table 2",2
acs.oprd.7b00332,OPRD-100,HXITXNWTGFUOAU-UHFFFAOYSA-N.SNHMUERNLJLMHN-UHFFFAOYSA-N>>RWCCWEUUXYIKHB-UHFFFAOYSA-N,Ic1ccccc1.OB(O)c1ccccc1>>O=C(c1ccccc1)c1ccccc1,Scheme 3,1
acs.oprd.7b00332,OPRD-100,PAYRUJLWNCNPSJ-UHFFFAOYSA-N.SNHMUERNLJLMHN-UHFFFAOYSA-N>>ZVSKZLHKADLHSD-UHFFFAOYSA-N,Ic1ccccc1.Nc1ccccc1>>O=C(Nc1ccccc1)c1ccccc1,Scheme 3,1
acs.oprd.7b00332,OPRD-100,SNHMUERNLJLMHN-UHFFFAOYSA-N.UEXCJVNBTNXOEH-UHFFFAOYSA-N>>YECVQOULKHBGEN-UHFFFAOYSA-N,Ic1ccccc1.C#Cc1ccccc1>>O=C(C#Cc1ccccc1)c1ccccc1,Scheme 3,1
acs.oprd.7b00332,OPRD-100,ZPTVNYMJQHSSEA-UHFFFAOYSA-N>>PAYRUJLWNCNPSJ-UHFFFAOYSA-N,Cc1ccc([N+](=O)[O-])cc1>>Nc1ccccc1,Scheme 4,1
op4002356,OPRD-100,CXQZQLUTPDFCTG-QCENPCRXSA-N.JOXIMZWYDAKGHI-UHFFFAOYSA-N>>XLYOFNOQVPJJNP-UHFFFAOYSA-N.XWJTVDVZEWHAPD-OAQYLSRUSA-N,CCc1cc(CC[C@](CC(=O)N2C(=O)OC[C@@H]2Cc2ccccc2)(OC(C)=O)C2CCCC2)cc(CC)n1.Cc1ccc(S(=O)(=O)O)cc1>>CCc1cc(CC[C@]2(C3CCCC3)CC(O)=CC(=O)O2)cc(CC)n1.O,Experimental,1
op4002356,OPRD-100,HPXZKBNSNJBOLC-FXAWDEMLSA-N.JOXIMZWYDAKGHI-UHFFFAOYSA-N.QAIRPCMWTLMPCW-UHFFFAOYSA-N>>CXQZQLUTPDFCTG-QCENPCRXSA-N.JOXIMZWYDAKGHI-UHFFFAOYSA-N,C#C[C@@](O)(CC(=O)N1C(=O)OC[C@@H]1Cc1ccccc1)C1CCCC1.CCc1cc(Br)cc(CC)n1.Cc1ccc(S(=O)(=O)O)cc1>>CCc1cc(CC[C@](CC(=O)N2C(=O)OC[C@@H]2Cc2ccccc2)(OC(C)=O)C2CCCC2)cc(CC)n1.Cc1ccc(S(=O)(=O)O)cc1,"Experimental, Scheme 4",2
op4002356,OPRD-100,LPUKEVVUWLLLLS-UHFFFAOYSA-N.YMVGXIZVSPMNPD-NSHDSACASA-N>>IJMCVNPIVUDRNS-LITSAYRRSA-N,CC(=O)N1C(=O)OC[C@@H]1Cc1ccccc1.CCc1cc(C#CC(=O)C2CCCC2)cc(CC)n1>>CCc1cc(C#C[C@@](O)(CC(=O)N2C(=O)OC[C@@H]2Cc2ccccc2)C2CCCC2)cc(CC)n1,"Table 1, entry 3",1
op4002356,OPRD-100,RFHXDLFNFGHXPY-UHFFFAOYSA-N.YMVGXIZVSPMNPD-NSHDSACASA-N>>HPXZKBNSNJBOLC-FXAWDEMLSA-N,C#CC(=O)C1CCCC1.CC(=O)N1C(=O)OC[C@@H]1Cc1ccccc1>>C#C[C@@](O)(CC(=O)N1C(=O)OC[C@@H]1Cc1ccccc1)C1CCCC1,"Experimental, Scheme 3, Table 1, entry 4",3
op4002356,OPRD-100,TZYGKMOBSVPBHR-UHFFFAOYSA-N.XALZBROPIGPSAQ-SNVBAGLBSA-N>>FITLPGWLFIQZLV-DENIHFKCSA-N,CC(=O)N1C(=O)OC[C@@H]1c1ccccc1.C[Si](C)(C)C#CC(=O)C1CCCC1>>C[Si](C)(C)C#C[C@@](O)(CC(=O)N1C(=O)OC[C@@H]1c1ccccc1)C1CCCC1,"Table 1, entry 2",1
op4002356,OPRD-100,TZYGKMOBSVPBHR-UHFFFAOYSA-N.YMVGXIZVSPMNPD-NSHDSACASA-N>>HSYIRJLIUPHLCO-NZQKXSOJSA-N,CC(=O)N1C(=O)OC[C@@H]1Cc1ccccc1.C[Si](C)(C)C#CC(=O)C1CCCC1>>C[Si](C)(C)C#C[C@@](O)(CC(=O)N1C(=O)OC[C@@H]1Cc1ccccc1)C1CCCC1,"Table 1, entry 1",1
op4002356,OPRD-100,WEPUZBYKXNKSDH-UHFFFAOYSA-N>>TZYGKMOBSVPBHR-UHFFFAOYSA-N,O=C(Cl)C1CCCC1>>C[Si](C)(C)C#CC(=O)C1CCCC1,Scheme 2,1
op4002356,OPRD-100,XRGPFNGLRSIPSA-UHFFFAOYSA-N.YMVGXIZVSPMNPD-NSHDSACASA-N>>VMKAEJIWINPIOE-CJNGLKHVSA-N,C#CC(C)=O.CC(=O)N1C(=O)OC[C@@H]1Cc1ccccc1>>C#C[C@](C)(O)CC(=O)N1C(=O)OC[C@H]1Cc1ccccc1,Scheme 3,1
op3002454,OPRD-100,JCXOJXALBTZEFE-GFCCVEGCSA-N>>PIIFSFIOOCHDIK-CQSZACIVSA-N,CN1CCC[C@@H]1Cc1c[nH]c2ccc(Br)cc12>>CC(=O)n1cc(C[C@H]2CCCN2C)c2cc(Br)ccc21,Experimental,1
op3002454,OPRD-100,MDVODIFOKYRNHD-OAQYLSRUSA-N>>MJICWWOZPCLNBP-LJQANCHMSA-N.ZDZOKWQKWPYACJ-JGKWMGOWSA-N,CC(n(cc1C[C@H]2CCCN2C)c3c1cc(C=CS(=O)(c4ccccc4)=O)cc3)=O>>COC(c5cc6c(C[C@H]7CCCN7C)cn(C(C)=O)c6cc5)CS(=O)(c8ccccc8)=O.CN9CCC[C@@H]9Cc(c[nH]%10)c%11c%10ccc(C=CS(=O)(c%12ccccc%12)=O)c%11,"Table 1, entry 1, Table 1, entry 10, Table 1, entry 2, Table 1, entry 3, Table 1, entry 4, Table 1, entry 5, Table 1, entry 6, Table 1, entry 7, Table 1, entry 8, Table 1, entry 9, Table 2, entry 1, Table 2, entry 2, Table 2, entry 3, Table 2, entry 4, Table 2, entry 5, Table 2, entry 6, Table 2, entry 7, Table 2, entry 8, Table 2, entry 9",19
op3002454,OPRD-100,PIIFSFIOOCHDIK-CQSZACIVSA-N>>MDVODIFOKYRNHD-OAQYLSRUSA-N,CC(n1c2ccc(Br)cc2c(C[C@H]3CCCN3C)c1)=O>>CC(n4c5ccc(C=CS(=O)(c6ccccc6)=O)cc5c(C[C@H]7CCCN7C)c4)=O,Scheme 2,1
op3002454,OPRD-100,PIIFSFIOOCHDIK-CQSZACIVSA-N>>MDVODIFOKYRNHD-ZISLFAKRSA-N,CC(n(cc1C[C@H]2CCCN2C)c3c1cc(Br)cc3)=O>>CC(n(cc4C[C@H]5CCCN5C)c6c4cc(/C=C/S(=O)(c7ccccc7)=O)cc6)=O,Experimental,1
op5000489,OPRD-100,DOEOYRKQXAVMBR-CFVMTHIKSA-N.DYJDTMLMYLSXNN-UHFFFAOYSA-N>>OYCVNBWJXXIIQU-KBTVYIQCSA-N,C[C@]12CCCC(=O)N1[C@@H]1c3ccccc3C[C@@H]1O2.O=S(=O)(OCCOc1ccccc1)C(F)(F)F>>CC(C)(C)n1nnc2c(C[C@]3(CCOc4ccccc4)CC[C@]4(C)O[C@H]5Cc6ccccc6[C@H]5N4C3=O)c(Br)ccc21,Scheme 9,1
op5000489,OPRD-100,FREYAQKRBGAMKA-ZCTXOJCTSA-N>>DRYBPELLBUEUST-KBTVYIQCSA-N,C[C@]12CCC(CCOc3ccccc3)C(=O)N1[C@@H]1c3ccccc3C[C@@H]1O2>>COC(C)(C)n1nnc2c(C[C@]3(CCOc4ccccc4)CC[C@]4(C)O[C@H]5Cc6ccccc6[C@H]5N4C3=O)c(Br)ccc21,Scheme 5,1
op5000489,OPRD-100,FREYAQKRBGAMKA-ZCTXOJCTSA-N>>OYCVNBWJXXIIQU-KBTVYIQCSA-N,C[C@]12CCC(CCOc3ccccc3)C(=O)N1[C@@H]1c3ccccc3C[C@@H]1O2>>CC(C)(C)n1nnc2c(C[C@]3(CCOc4ccccc4)CC[C@]4(C)O[C@H]5Cc6ccccc6[C@H]5N4C3=O)c(Br)ccc21,Scheme 8,1
op5000489,OPRD-100,INUNLMUAPJVRME-UHFFFAOYSA-N.QGRPVMLBTFGQDQ-UHFFFAOYSA-N>>LQTCWWPSORPTSP-UHFFFAOYSA-N,COc1ccccc1Cl.O=C(Cl)CCCl>>COc1cc2c(cc1Cl)C(=O)CC2,Scheme 1,1
op5000489,OPRD-100,JGOYZSMEPRGBBU-UHFFFAOYSA-N>>WMXJDVJYWZBWDI-UHFFFAOYSA-N,COC(C)(C)n1nnc2c(C=O)c(Br)ccc21>>COC(C)(C)n1nnc2c(COS(=O)(=O)c3ccc(F)cc3)c(Br)ccc21,Scheme 4,1
op5000489,OPRD-100,LOPKSXMQWBYUOI-DTWKUNHWSA-N.MGTZCLMLSSAXLD-UHFFFAOYSA-N>>DOEOYRKQXAVMBR-CFVMTHIKSA-N,CC(=O)CCCC(=O)O.N[C@@H]1c2ccccc2C[C@@H]1O>>C[C@]12CCCC(=O)N1[C@@H]1c3ccccc3C[C@@H]1O2,"Experimental, Scheme 3, Scheme 8",3
op5000489,OPRD-100,LQTCWWPSORPTSP-UHFFFAOYSA-N>>UNHXWOOCKNZRQJ-UHFFFAOYSA-N,COc1cc2c(cc1Cl)C(=O)CC2>>COc1cc2c(cc1Cl)C(=O)C(CCF)C2,Scheme 1,1
op5000489,OPRD-100,PFYDMIKGRRXOMN-BAHMLBHCSA-N>>NBIJFOMIQBZRIJ-MLXNANBUSA-N,O=C1C(C(F)(F)F)=C2c3cc(Cl)c4[nH]nnc4c3C[C@@]23CC[C@@H]1C3>>O=C1C(C(F)(F)F)=C2c3ccc4[nH]nnc4c3C[C@@]23CC[C@@H]1C3,Scheme 1,1
op5000489,OPRD-100,PKTGNYCNMDELFU-BAHMLBHCSA-N>>PFYDMIKGRRXOMN-BAHMLBHCSA-N,Nc1c(Cl)cc2c(c1N)C[C@]13CC[C@H](C1)C(=O)C(C(F)(F)F)=C23>>O=C1C(C(F)(F)F)=C2c3cc(Cl)c4[nH]nnc4c3C[C@@]23CC[C@@H]1C3,Scheme 1,1
op5000489,OPRD-100,QZGSNENOUAYUDL-MAJIKDHASA-N>>IMCVVUMATITGNN-OAQYLSRUSA-N,COc1ccc(Br)c(C[C@]2(CCOc3ccccc3)CC[C@]3(C)O[C@H]4Cc5ccccc5[C@H]4N3C2=O)c1>>CC(=O)CC[C@@]1(CCOc2ccccc2)Cc2ccccc2C1=O,Scheme 3,1
op5000489,OPRD-100,RMJJBFQAVNWJIB-QGHHPUGFSA-N>>VJRYOXWQCYUXDB-MLXNANBUSA-N,CC(=O)Nc1cc2c(cc1Cl)C1=CC(=O)[C@@H]3CC[C@@]1(C2)C3>>Nc1cc2c(cc1Cl)C1=C(C(F)(F)F)C(=O)[C@@H]3CC[C@@]1(C2)C3,Scheme 1,1
op5000489,OPRD-100,RVKJEHHKWQNCSN-UHFFFAOYSA-N>>RSKJQVSRCAIZRV-UHFFFAOYSA-N,CC(C)(C)n1nnc2cc(Br)ccc21>>CC(C)(C)n1nnc2c(C=O)c(Br)ccc21,"Scheme 6, Scheme 7",2
op5000489,OPRD-100,RXYYRZFXCKOHPM-UHFFFAOYSA-N>>SUHBADMMLOQSOI-UHFFFAOYSA-N,COC(C)(C)n1nnc2ccccc21>>COC(C)(C)n1nnc2c(C=O)cccc21,Scheme 4,1
op5000489,OPRD-100,RYQILFWZLKOHDP-MRXNPFEDSA-N>>RMJJBFQAVNWJIB-QGHHPUGFSA-N,COc1cc2c(cc1Cl)C1=CC(=O)CC[C@@]1(CCF)C2>>CC(=O)Nc1cc2c(cc1Cl)C1=CC(=O)[C@@H]3CC[C@@]1(C2)C3,Scheme 1,1
op5000489,OPRD-100,SUHBADMMLOQSOI-UHFFFAOYSA-N.WQCOCAOFFMHNAF-UHFFFAOYSA-N>>JGOYZSMEPRGBBU-UHFFFAOYSA-N,COC(C)(C)n1nnc2c(C=O)cccc21.[Li]N(C)CCN(C)C>>COC(C)(C)n1nnc2c(C=O)c(Br)ccc21,Scheme 4,1
op5000489,OPRD-100,UNHXWOOCKNZRQJ-UHFFFAOYSA-N>>RYQILFWZLKOHDP-MRXNPFEDSA-N,COc1cc2c(cc1Cl)C(=O)C(CCF)C2>>COc1cc2c(cc1Cl)C1=CC(=O)CC[C@@]1(CCF)C2,Scheme 1,1
op5000489,OPRD-100,UQEANKGXXSENNF-UHFFFAOYSA-N>>SUIOMWQYRMBEHM-UHFFFAOYSA-N,O=[N+]([O-])c1cc(Br)ccc1F>>CC(C)(C)Nc1ccc(Br)cc1[N+](=O)[O-],"Experimental, Scheme 6, Scheme 7",3
op5000489,OPRD-100,VJRYOXWQCYUXDB-MLXNANBUSA-N>>PKTGNYCNMDELFU-BAHMLBHCSA-N,Nc1cc2c(cc1Cl)C1=C(C(F)(F)F)C(=O)[C@@H]3CC[C@@]1(C2)C3>>Nc1c(Cl)cc2c(c1N)C[C@]13CC[C@H](C1)C(=O)C(C(F)(F)F)=C23,Scheme 1,1
op5000489,OPRD-100,YSKBPHWCUWAXSJ-DGIBIBHMSA-N>>MOYDHCYDMGCYER-DGIBIBHMSA-N,CC(C)(C)n1nnc2c3c(ccc21)C1=C(I)C(=O)[C@@H]2CC[C@@]1(C3)C2>>CC(C)(C)n1nnc2c3c(ccc21)C1=C(C(F)(F)F)C(=O)[C@@H]2CC[C@@]1(C3)C2,"Experimental, Scheme 11",2
op5000489,OPRD-100,ZPDQHOCWZDATLG-WYRIXSBYSA-N>>LYLIIGQPIKTONH-RUZDIDTESA-N,CC(C)(C)n1nnc2c3c(ccc21)C1=CC(=O)[C@@H]2CC[C@@]1(C3)C2>>CC(C)(C)n1nnc2c3c(ccc21)C1=CC(=O)CC[C@@]1(CCOc1ccccc1)C3,Experimental,1
op3002678,OPRD-100,AUTKYARKJOXHJY-LWOQYNTDSA-N>>CYNCGDBIXFFFSZ-LWOQYNTDSA-N,COC(=O)C1CC[C@@H](C)NC1=O>>C[C@@H]1CCC(CO)C(=O)N1,"Experimental, Scheme 2",2
op3002678,OPRD-100,CYNCGDBIXFFFSZ-LWOQYNTDSA-N>>FMYGWFUUVQICDN-RNFRBKRXSA-N.MIOPJNTWMNEORI-UHFFFAOYSA-N,C[C@@H]1CCC(CO)C(=O)N1>>C[C@@H]1CC[C@@H](CO)CN1.CC1(C)C2CCC1(CS(=O)(=O)O)C(=O)C2,Experimental,1
op3002678,OPRD-100,CYNCGDBIXFFFSZ-LWOQYNTDSA-N>>FMYGWFUUVQICDN-RNFRBKRXSA-O.MIOPJNTWMNEORI-GMSGAONNSA-M,C[C@@H]1CCC(CO)C(=O)N1>>C[C@@H]1CC[C@@H](CO)C[NH2+]1.CC1(C)[C@@H]2CC[C@@]1(CS(=O)(=O)[O-])C(=O)C2,Scheme 2,1
op3002678,OPRD-100,DHYMLHOXGMUIDZ-UHFFFAOYSA-N>>BTPODWPVHFAHRW-UHFFFAOYSA-N,COC(=O)c1cc(C)ccc1I>>COC(=O)c1cc(C)ccc1B1OC(C)(C)C(C)(C)O1,"Experimental, Scheme 4",2
op3002678,OPRD-100,FMYGWFUUVQICDN-RNFRBKRXSA-N.MIOPJNTWMNEORI-UHFFFAOYSA-N>>OCPQNAWFEDVYPM-HZPDHXFCSA-N,C[C@@H]1CC[C@@H](CO)CN1.CC1(C)C2CCC1(CS(=O)(=O)O)C(=O)C2>>Cc1ccc(S(=O)(=O)OC[C@@H]2CC[C@@H](C)N(C(=O)OC(C)(C)C)C2)cc1,Experimental,1
op3002678,OPRD-100,KLULSYPVWLJZAO-UHFFFAOYSA-N.OCPQNAWFEDVYPM-HZPDHXFCSA-N>>BZZVMIQKEFWJAR-WBVHZDCISA-N.YVCDNHTVDDKQGS-CHWSQXEVSA-N,Cc1ccc(S(=O)(=O)OC[C@@H]2CC[C@@H](C)N(C(=O)OC(C)(C)C)C2)cc1.Oc1ccc(F)cn1>>C[C@@H]1CC[C@@H](COc2ccc(F)cn2)CN1C(=O)OC(C)(C)C.C[C@@H]1CC[C@@H](Cn2cc(F)ccc2=O)CN1C(=O)OCc1ccccc1,"Table 2, entry 7",1
op3002678,OPRD-100,MDZCTQLQMJZNCH-UHFFFAOYSA-N>>AUTKYARKJOXHJY-LWOQYNTDSA-N,COC(=O)C(CCC(C)=O)C(=O)OC>>COC(=O)C1CC[C@@H](C)NC1=O,"Experimental, Scheme 2",2
acs.oprd.2c00047,OPRD-100,BJHIKXHVCXFQLS-UHFFFAOYSA-N>>FBPFZTCFMRRESA-ALMVMMGASA-N,O=C(CO)C(O)C(O)C(O)CO>>OCC(O)C(O)C(O)[C@@H](O)CO,Scheme 1,1
acs.oprd.2c00047,OPRD-100,BJHIKXHVCXFQLS-UHFFFAOYSA-N>>FBPFZTCFMRRESA-OMEINRLFSA-N,O=C(CO)C(O)C(O)C(O)CO>>OCC(O)C(O)C(O)[C@H](O)CO,Scheme 1,1
acs.oprd.2c00047,OPRD-100,GUBGYTABKSRVRQ-CUHNMECISA-N>>VQHSOMBJVWLPSR-JVCRWLNRSA-N,OC[C@H]1O[C@@H](O[C@H]2[C@H](O)[C@@H](O)C(O)O[C@@H]2CO)[C@H](O)[C@@H](O)[C@@H]1O>>OC[C@@H](O)[C@@H](O[C@@H]1O[C@H](CO)[C@H](O)[C@H](O)[C@H]1O)[C@H](O)[C@@H](O)CO,Scheme 3,1
acs.oprd.2c00047,OPRD-100,GUBGYTABKSRVRQ-PICCSMPSSA-N>>VQHSOMBJVWLPSR-AVXCFOOMSA-N,OC[C@H]1O[C@H](O[C@H]2[C@H](O)[C@@H](O)C(O)O[C@@H]2CO)[C@H](O)[C@@H](O)[C@@H]1O>>OC[C@@H](O)[C@@H](O[C@H]1O[C@H](CO)[C@H](O)[C@H](O)[C@H]1O)[C@H](O)[C@@H](O)CO,"Experimental, Scheme 4",2
acs.oprd.2c00047,OPRD-100,SHZGCJCMOBCMKK-DHVFOXMCSA-N>>SKCKOFZKJLZSFA-KCDKBNATSA-N.VASLEPDZAKCNJX-NEEWWZBLSA-N,C[C@@H]1OC(O)[C@@H](O)[C@H](O)[C@@H]1O>>C[C@H](O)[C@@H](O)[C@@H](O)[C@H](O)CO.C[C@H](O)[C@H]1OC(=O)[C@@H](O)[C@@H]1O,Scheme 2,1
acs.oprd.2c00047,OPRD-100,WQZGKKKJIJFFOK-GASJEMHNSA-N>>FBPFZTCFMRRESA-JGWLITMVSA-N.FBPFZTCFMRRESA-KVTDHHQDSA-N,OC[C@H]1OC(O)[C@H](O)[C@@H](O)[C@@H]1O>>OC[C@@H](O)[C@@H](O)[C@H](O)[C@H](O)CO.OC[C@@H](O)[C@@H](O)[C@H](O)[C@@H](O)CO,"Figure 1 AND Table 1, Figure 1 AND Table 2",2
acs.oprd.2c00047,OPRD-100,WQZGKKKJIJFFOK-QTVWNMPRSA-N>>FBPFZTCFMRRESA-GUCUJZIJSA-N,OC[C@H]1OC(O)[C@@H](O)[C@@H](O)[C@@H]1O>>OC[C@@H](O)[C@H](O)[C@H](O)[C@@H](O)CO,Scheme 2,1
acs.oprd.6b00156,OPRD-100,CHVRAEINDYZISG-UHFFFAOYSA-N>>WLQNLLQAMZMSIH-UHFFFAOYSA-N,CCOC(=O)c1cn(CC(OC)OC)c(C(=O)OCC)c(OC)c1=O>>CCOC(=O)c1c(OC)c(=O)c(C(=O)O)cn1CC(OC)OC,Scheme 1,1
acs.oprd.6b00156,OPRD-100,HXPBFPIFOZOACQ-QGZVFWFLSA-N>>CRJWOIFIKWOHGX-GOSISDBHSA-N,C[C@H](CCO)n1ccn2cc(C(=O)NCc3ccc(F)cc3F)c(=O)c(OCc3ccccc3)c2c1=O>>CC(=O)OCC[C@@H](C)n1ccn2cc(C(=O)NCc3ccc(F)cc3F)c(=O)c(OCc3ccccc3)c2c1=O,Scheme 3,1
acs.oprd.6b00156,OPRD-100,HXPBFPIFOZOACQ-QGZVFWFLSA-N>>GPWOJFHZVSHENC-JOCHJYFZSA-N,C[C@H](CCO)n1ccn2cc(C(=O)NCc3ccc(F)cc3F)c(=O)c(OCc3ccccc3)c2c1=O>>C[C@H](CCOC(=O)c1ccccc1)n1ccn2cc(C(=O)NCc3ccc(F)cc3F)c(=O)c(OCc3ccccc3)c2c1=O,Scheme 3,1
acs.oprd.6b00156,OPRD-100,HXPBFPIFOZOACQ-QGZVFWFLSA-N>>JMTJFIQRTFGCJC-HXUWFJFHSA-N,C[C@H](CCO)n1ccn2cc(C(=O)NCc3ccc(F)cc3F)c(=O)c(OCc3ccccc3)c2c1=O>>C[C@H](CCOC(=O)C(C)(C)C)n1ccn2cc(C(=O)NCc3ccc(F)cc3F)c(=O)c(OCc3ccccc3)c2c1=O,Scheme 3,1
acs.oprd.6b00156,OPRD-100,HXPBFPIFOZOACQ-QGZVFWFLSA-N>>UNKCPPDTJXPEAU-JOCHJYFZSA-N,C[C@H](CCO)n1ccn2cc(C(=O)NCc3ccc(F)cc3F)c(=O)c(OCc3ccccc3)c2c1=O>>C[C@H](CCO[Si](C)(C)C(C)(C)C)n1ccn2cc(C(=O)NCc3ccc(F)cc3F)c(=O)c(OCc3ccccc3)c2c1=O,Scheme 3,1
acs.oprd.6b00156,OPRD-100,HXPBFPIFOZOACQ-QGZVFWFLSA-N>>ZDGISUYEWLNXAP-OAQYLSRUSA-N,C[C@H](CCO)n1ccn2cc(C(=O)NCc3ccc(F)cc3F)c(=O)c(OCc3ccccc3)c2c1=O>>C[C@H](CCOC(=O)c1cccnc1)n1ccn2cc(C(=O)NCc3ccc(F)cc3F)c(=O)c(OCc3ccccc3)c2c1=O,Scheme 3,1
acs.oprd.6b00156,OPRD-100,LFXUWXFSYMTEEK-UHFFFAOYSA-N>>XAXGEECGULRZGN-UHFFFAOYSA-N,COC(=O)c1cn(CC(OC)OC)c(C(=O)OC)c(OC)c1=O>>COC(=O)c1c(OC)c(=O)c(C(=O)O)cn1CC(OC)OC,Scheme 1,1
acs.oprd.6b00156,OPRD-100,MOSMLVZNRGURDI-BZNIZROVSA-N>>RHWKPHLQXYSBKR-BMIGLBTASA-N,COc1c2n(cc(C(=O)NCc3ccc(F)cc3F)c1=O)C[C@@H]1OCC[C@@H](C)N1C2=O>>C[C@@H]1CCO[C@H]2Cn3cc(C(=O)NCc4ccc(F)cc4F)c(=O)c(O)c3C(=O)N12,Scheme 1,1
acs.oprd.6b00156,OPRD-100,OHNTXHSVVIUFLD-UHFFFAOYSA-N>>MKGWUEHHJABKDI-UHFFFAOYSA-N,COC(=O)c1occ(C)c(=O)c1OCc1ccccc1>>COC(=O)c1c(OCc2ccccc2)c(=O)c(C(=O)NCc2ccc(F)cc2F)cn1CC(OC)OC,Experimental,1
acs.oprd.6b00156,OPRD-100,QBJPWCRXDNYWTK-UHFFFAOYSA-N>>MKGWUEHHJABKDI-UHFFFAOYSA-N,COC(=O)c1cn(CC(OC)OC)c(C(=O)OC)c(OCc2ccccc2)c1=O>>COC(=O)c1c(OCc2ccccc2)c(=O)c(C(=O)NCc2ccc(F)cc2F)cn1CC(OC)OC,Scheme 2,1
acs.oprd.6b00156,OPRD-100,REVROVKRCYLCAT-UHFFFAOYSA-N>>QBJPWCRXDNYWTK-UHFFFAOYSA-N,COC(=O)c1occ(C(=O)OC)c(=O)c1OCc1ccccc1>>COC(=O)c1cn(CC(OC)OC)c(C(=O)OC)c(OCc2ccccc2)c1=O,Scheme 2,1
acs.oprd.6b00156,OPRD-100,RWEIORQEUUWOLH-ZHRRBRCNSA-N>>HDYQLGLEPPGPEV-UHFFFAOYSA-N.RHWKPHLQXYSBKR-BMIGLBTASA-N,C[C@@H]1CCO[C@H]2Cn3cc(C(=O)NCc4ccc(F)cc4F)c(=O)c(OCc4ccccc4)c3C(=O)N12>>C[C@@H]1CCO[C@H]2Cn3cc(C(=O)NCc4ccc(F)cc4F)c(=O)c(O)c3C(=O)N12.O=C(OCc1ccccc1)C(F)(F)F,Scheme 4,1
acs.oprd.6b00156,OPRD-100,RWEIORQEUUWOLH-ZHRRBRCNSA-N>>UGWJRRXTMKRYNK-VSLILLSYSA-M,C[C@@H]1CCO[C@H]2Cn3cc(C(=O)NCc4ccc(F)cc4F)c(=O)c(OCc4ccccc4)c3C(=O)N12>>C[C@@H]1CCO[C@H]2Cn3cc(C(=O)NCc4ccc(F)cc4F)c(=O)c(O[Na])c3C(=O)N12,"Experimental, Scheme 2",2
acs.oprd.6b00156,OPRD-100,WLQNLLQAMZMSIH-UHFFFAOYSA-N>>KGWJKKUSXSBPSK-APPZFPTMSA-N,CCOC(=O)c1c(OC)c(=O)c(C(=O)O)cn1CC(OC)OC>>COc1c2n(cc(C(=O)O)c1=O)C[C@@H]1OCC[C@@H](C)N1C2=O,Scheme 1,1
acs.oprd.6b00156,OPRD-100,XAXGEECGULRZGN-UHFFFAOYSA-N>>KGWJKKUSXSBPSK-APPZFPTMSA-N,COC(=O)c1c(OC)c(=O)c(C(=O)O)cn1CC(OC)OC>>COc1c2n(cc(C(=O)O)c1=O)C[C@@H]1OCC[C@@H](C)N1C2=O,Scheme 1,1
op990196r,OPRD-100,FUDDLSHBRSNCBV-VKHMYHEASA-N>>KNTBFPMGACCTOE-DNVJHFABSA-N,O=C1C[C@H](O)CO1>>O=C1[C@H]([C@H](O)CO)[C@@H](c2ccc(OCc3ccccc3)cc2)N1c1ccc(F)cc1,"scheme 1, scheme 2",2
op990196r,OPRD-100,KNTBFPMGACCTOE-DNVJHFABSA-N>>SMJAXBOGINPMIZ-IDZRBWSNSA-N,O=C1[C@H]([C@H](O)CO)[C@@H](c2ccc(OCc3ccccc3)cc2)N1c1ccc(F)cc1>>Cc1ccc(S(=O)(=O)OC[C@@H](O)[C@H]2C(=O)N(c3ccc(F)cc3)[C@@H]2c2ccc(OCc3ccccc3)cc2)cc1,"experimental, scheme 2",2
op990196r,OPRD-100,SMJAXBOGINPMIZ-IDZRBWSNSA-N>>CASDPVAGRJJYLK-MPFGFTFXSA-N,Cc1ccc(S(=O)(=O)OC[C@@H](O)[C@H]2C(=O)N(c3ccc(F)cc3)[C@@H]2c2ccc(OCc3ccccc3)cc2)cc1>>O=C1[C@H]([C@H](O)COc2ccc(F)cc2)[C@@H](c2ccc(OCc3ccccc3)cc2)N1c1ccc(F)cc1,"experimental, scheme 2, table 1",3
op5000094,OPRD-100,CBRCXCUKSJGRHK-UHFFFAOYSA-N>>ZIVODOGMMVXZDE-UHFFFAOYSA-N,Cc1nn(-c2ncccc2C=O)cc1C(C)N1CCC2(CC1)OCC(F)(F)c1cc(Cl)sc12>>Cc1nn(-c2ncccc2CO)cc1C(C)N1CCC2(CC1)OCC(F)(F)c1cc(Cl)sc12,Scheme 1,1
op5000094,OPRD-100,GNFWMEFWZWXLIN-UHFFFAOYSA-N.PFUJEFNTXDGZOP-UHFFFAOYSA-N>>CBRCXCUKSJGRHK-UHFFFAOYSA-N,Cc1n[nH]cc1C(C)N1CCC2(CC1)OCC(F)(F)c1cc(Cl)sc12.O=Cc1cccnc1Br>>Cc1nn(-c2ncccc2C=O)cc1C(C)N1CCC2(CC1)OCC(F)(F)c1cc(Cl)sc12,Scheme 1,1
op5000094,OPRD-100,PEWMVDIBIRMSAC-UHFFFAOYSA-N.VRLDVERQJMEPIF-UHFFFAOYSA-N>>NWLXYPDSWNQKKY-UHFFFAOYSA-N,CC1(C)C(=O)N(Br)C(=O)N1Br.CC(C)(C)OC(=O)N1CCC2(CC1)OCCc1cc(Cl)sc12>>CC(C)(C)OC(=O)N1CCC2(CC1)OCC(Br)c1cc(Cl)sc12,Scheme 4,1
op5000094,OPRD-100,PEWMVDIBIRMSAC-UHFFFAOYSA-N>>IFDITPFMGGLVMB-WORMITQPSA-N.PEWMVDIBIRMSAC-MMIHMFRQSA-N.PEWMVDIBIRMSAC-QYKNYGDISA-N,CC(C)(C)OC(=O)N1CCC2(CC1)OCCc1cc(Cl)sc12>>[2H]C1COC2(CCN(C(=O)OC(C)(C)C)CC2)c2sc(Cl)cc21.[2H]c1cc2c(s1)C1(CCN(C(=O)OC(C)(C)C)CC1)OCC2.[2H]c1c(Cl)sc2c1CCOC21CCN(C(=O)OC(C)(C)C)CC1,Scheme 3,1
op5000094,OPRD-100,PEWMVDIBIRMSAC-UHFFFAOYSA-N>>QABMEOHNHQKHNQ-UHFFFAOYSA-N.WWOBSAGUWADOLZ-UHFFFAOYSA-N,CC(C)(C)OC(=O)N1CCC2(CC1)OCCc1cc(Cl)sc12>>CC(C)(C)OC(=O)N1CCC2(CC1)OCC(=O)c1cc(Cl)sc12.CC(C)(C)OC(=O)N1CCC2(CC1)OCC(O)c1cc(Cl)sc12,Table 1,1
op5000094,OPRD-100,PRFGNXYGGHDSSQ-UHFFFAOYSA-N>>NKQHBJNRBKHUQR-UHFFFAOYSA-N,CCOC(=O)c1cccnc1-n1cc(Cc2c(Cl)sc3c2C(F)(F)COC32CCNCC2)c(C)n1>>Cc1nn(-c2ncccc2CO)cc1CN1CCC2(CC1)OCC(F)(F)c1cc(Cl)sc12,Experimental,1
op5000094,OPRD-100,QABMEOHNHQKHNQ-UHFFFAOYSA-N>>WWOBSAGUWADOLZ-UHFFFAOYSA-N,CC(C)(C)OC(=O)N1CCC2(CC1)OCC(O)c1cc(Cl)sc12>>CC(C)(C)OC(=O)N1CCC2(CC1)OCC(=O)c1cc(Cl)sc12,Scheme 1,1
op5000094,OPRD-100,VEXZGXHMUGYJMC-UHFFFAOYSA-N.VRJHQPZVIGNGMX-UHFFFAOYSA-N.YYPNNBPPDFTQFX-UHFFFAOYSA-N>>PEWMVDIBIRMSAC-UHFFFAOYSA-N,O=C1CCNCC1.OCCc1ccsc1.Cl>>CC(C)(C)OC(=O)N1CCC2(CC1)OCCc1cc(Cl)sc12,Scheme 2,1
op5000094,OPRD-100,VEXZGXHMUGYJMC-UHFFFAOYSA-N.YYNOJCBVROUTEB-UHFFFAOYSA-N>>SEZXIVWOSWMFQB-UHFFFAOYSA-N,FC3(COC4(c5c3cc(Cl)s5)CCNCC4)F.Cl>>CCOC(c6c(n7nc(CN(CC8)CCC98OCC(F)(F)c%10cc(Cl)sc%109)cc7)nccc6)=O,Experimental,1
op5000094,OPRD-100,WWOBSAGUWADOLZ-UHFFFAOYSA-N>>CJZBPDGXEFFTMB-UHFFFAOYSA-N.VEXZGXHMUGYJMC-UHFFFAOYSA-N,CC(C)(C)OC(=O)N1CCC2(CC1)OCC(=O)c1cc(Cl)sc12>>CC(C)(C)OC(=O)N1CCC2(CC1)OCC(F)(F)c1cc(Cl)sc12.Cl,Scheme 4,1
acs.oprd.5b00014,OPRD-100,CMIBUZBMZCBCAT-HOTGVXAUSA-N.ZLHAOFGCXWTXFN-HNNXBMFYSA-N>>AFVFQIVMOAPDHO-UHFFFAOYSA-N.ZLHAOFGCXWTXFN-HNNXBMFYSA-N,O=C([C@@H]1CN(Cc2ccccc2)CCO1)N1CCOCC1.Cc1ccc(C(=O)O[C@H](C(=O)O)[C@H](OC(=O)c2ccc(C)cc2)C(=O)O)cc1>>O=C([C@@H]1CN(Cc2ccccc2)CCO1)N1CCOCC1.CS(=O)(=O)O,Scheme 2,1
acs.oprd.5b00014,OPRD-100,CMQCDPNYSJUSEH-DKWTVANSSA-M.COMXZAIDKIXIKT-UHFFFAOYSA-O>>FCJCZDKLUCSMOH-MERQFXBCSA-L.NPYPAHLBTDXSSS-UHFFFAOYSA-N,O=C(O[K])[C@@H]1CO1.O=S(=O)(O)OCC[NH2+]Cc1ccccc1>>O=C(O[K])[C@@H](O)CN(CCOS(=O)(=O)[O-])Cc1ccccc1.[K+],Scheme 3,1
acs.oprd.5b00014,OPRD-100,CMQCDPNYSJUSEH-DKWTVANSSA-M.COMXZAIDKIXIKT-UHFFFAOYSA-O>>SJYVXXCOGJIFDF-IDMXKUIJSA-L,O=C(O[K])[C@@H]1CO1.O=S(=O)(O)OCC[NH2+]Cc1ccccc1>>O=C(O[K])[C@@H](O)CN(CCOS(=O)(=O)O[K])Cc1ccccc1,experimental,1
acs.oprd.5b00014,OPRD-100,JOXIMZWYDAKGHI-UHFFFAOYSA-N.UJDWIUOGWSDEFP-NSHDSACASA-N.XLYOFNOQVPJJNP-UHFFFAOYSA-N>>AFVFQIVMOAPDHO-UHFFFAOYSA-N.ZLHAOFGCXWTXFN-HNNXBMFYSA-N,O=C(O)[C@@H]1CN(Cc2ccccc2)CCO1.Cc1ccc(S(=O)(=O)O)cc1.O>>O=C([C@@H]1CN(Cc2ccccc2)CCO1)N1CCOCC1.CS(=O)(=O)O,Scheme 3,1
acs.oprd.5b00014,OPRD-100,JOXIMZWYDAKGHI-UHFFFAOYSA-N.UJDWIUOGWSDEFP-NSHDSACASA-N>>AFVFQIVMOAPDHO-UHFFFAOYSA-N.ZLHAOFGCXWTXFN-HNNXBMFYSA-N,O=C(O)[C@@H]1CN(Cc2ccccc2)CCO1.Cc1ccc(S(=O)(=O)O)cc1>>O=C([C@@H]1CN(Cc2ccccc2)CCO1)N1CCOCC1.CS(=O)(=O)O,experimental,1
acs.oprd.5b00014,OPRD-100,MTCFGRXMJLQNBG-UWTATZPHSA-N>>CMQCDPNYSJUSEH-DKWTVANSSA-M,N[C@H](CO)C(=O)O>>O=C(O[K])[C@@H]1CO1,"Scheme 3, experimental",2
acs.oprd.5b00014,OPRD-100,OYUNTGBISCIYPW-UHFFFAOYSA-N>>UJDWIUOGWSDEFP-NSHDSACASA-N.VEXZGXHMUGYJMC-UHFFFAOYSA-N,C=C(Cl)C#N>>O=C(O)[C@@H]1CN(Cc2ccccc2)CCO1.Cl,Scheme 2,1
acs.oprd.5b00014,OPRD-100,SJYVXXCOGJIFDF-IDMXKUIJSA-L>>JOXIMZWYDAKGHI-UHFFFAOYSA-N.UJDWIUOGWSDEFP-NSHDSACASA-N.XLYOFNOQVPJJNP-UHFFFAOYSA-N,O=C(O[K])[C@@H](O)CN(CCOS(=O)(=O)O[K])Cc1ccccc1>>O=C(O)[C@@H]1CN(Cc2ccccc2)CCO1.Cc1ccc(S(=O)(=O)O)cc1.O,"Scheme 3, experimental",2
acs.oprd.5b00014,OPRD-100,UJDWIUOGWSDEFP-NSHDSACASA-N.VEXZGXHMUGYJMC-UHFFFAOYSA-N>>CMIBUZBMZCBCAT-HOTGVXAUSA-N.ZLHAOFGCXWTXFN-HNNXBMFYSA-N,O=C(O)[C@@H]1CN(Cc2ccccc2)CCO1.Cl>>O=C([C@@H]1CN(Cc2ccccc2)CCO1)N1CCOCC1.Cc1ccc(C(=O)O[C@H](C(=O)O)[C@H](OC(=O)c2ccc(C)cc2)C(=O)O)cc1,Scheme 2,1
op5001258,OPRD-100,LEKCKYJIVSOUAS-UHFFFAOYSA-N>>QUUVEVOEJYXQRY-UHFFFAOYSA-N,CC(C)OC(=O)c1ccc(Cl)c(Cl)n1>>CC(C)OC(=O)c1ccc(Cl)c(-c2ccccc2)n1,"Experimental, Scheme 1",2
op5001258,OPRD-100,YWFCLGHVIXWPPZ-UHFFFAOYSA-N>>OHNQFDGDJMWEHJ-UHFFFAOYSA-N,CCOC(=O)c1nc(Cl)ccc1Cl>>CCOC(=O)c1nc(-c2ccccc2)ccc1Cl,Scheme 1,1
op5001463,OPRD-100,AEVACFBOMFGFDF-UHFFFAOYSA-N.PCNFLKVWBDNNOW-UHFFFAOYSA-N.VEXZGXHMUGYJMC-UHFFFAOYSA-N>>SULGGMDSHXXJNB-UHFFFAOYSA-N,NNc1ccc(C(=O)O)cc1.CN(C)C=C(C(=O)NC1C2CC3CC(C2)CC1C3)C(=O)C(C)(C)C.Cl>>CC(C)(C)c1nn(-c2ccc(C(=O)O)cc2)cc1C(=O)NC1C2CC3CC(C2)CC1C3,Experimental,1
op5001463,OPRD-100,AEVACFBOMFGFDF-UHFFFAOYSA-N.PCNFLKVWBDNNOW-UHFFFAOYSA-N.VEXZGXHMUGYJMC-UHFFFAOYSA-N>>XWBXJBSVYVJAMZ-UHFFFAOYSA-N,NNc1ccc(C(=O)O)cc1.CN(C)C=C(C(=O)NC1C2CC3CC(C2)CC1C3)C(=O)C(C)(C)C.Cl>>CC(C)(C)c1c(C(=O)NC2C3CC4CC(C3)CC2C4)cnn1-c1ccc(C(=O)O)cc1,"Scheme 2, Table 2",2
op5001463,OPRD-100,AEVACFBOMFGFDF-UHFFFAOYSA-N.PUVXAQCVNJUHKG-UHFFFAOYSA-N.VEXZGXHMUGYJMC-UHFFFAOYSA-N>>HMLPGVFKBCCJRG-STZFKDTASA-N,COC(c1ccc(NN)cc1)=O.CN(C)C=C(C(NC2C3CC4CC(C3)CC2C4)=O)C(C(C)(C)C)=O.Cl>>COC(c5ccc(NN/C=C(C(C(C)(C)C)=O)\C(NC6C7CC8CC(CC6C8)C7)=O)cc5)=O,Experimental,1
op5001463,OPRD-100,AEVACFBOMFGFDF-UHFFFAOYSA-N.PUVXAQCVNJUHKG-UHFFFAOYSA-N.VEXZGXHMUGYJMC-UHFFFAOYSA-N>>SMEBETUDRJVWJW-UHFFFAOYSA-N,COC(=O)c1ccc(NN)cc1.CN(C)C=C(C(=O)NC1C2CC3CC(C2)CC1C3)C(=O)C(C)(C)C.Cl>>COC(=O)c1ccc(-n2cc(C(=O)NC3C4CC5CC(C4)CC3C5)c(C(C)(C)C)n2)cc1,Experimental,1
op5001463,OPRD-100,DKNWSYNQZKUICI-UHFFFAOYSA-N.VEXZGXHMUGYJMC-UHFFFAOYSA-N>>FTAGUQMXNRFTBX-FOWTUZBSSA-N,NC12CC3CC(CC(C3)C1)C2.Cl>>CN(C)/C=C(/C(=O)NC12CC3CC(CC(C3)C1)C2)C(=O)C(C)(C)C,Experimental,1
op5001463,OPRD-100,NZCPNOLFWNSVMF-UHFFFAOYSA-N.PCNFLKVWBDNNOW-UHFFFAOYSA-N.VEXZGXHMUGYJMC-UHFFFAOYSA-N>>FGWIMLJDOSICBM-DIBXZPPDSA-N,NNc1ccc(C(=O)O)cc1.CC(C)(C)C(=O)CC(=O)NC12CC3CC(CC(C3)C1)C2.Cl>>CC(C)(C)C(=O)/C(=N/Nc1ccc(C(=O)O)cc1)C(=O)NC12CC3CC(CC(C3)C1)C2,Experimental,1
op5001463,OPRD-100,NZCPNOLFWNSVMF-UHFFFAOYSA-N.PCNFLKVWBDNNOW-UHFFFAOYSA-N.VEXZGXHMUGYJMC-UHFFFAOYSA-N>>FTLCBLMFBXSKLY-UHFFFAOYSA-N,NNc1ccc(C(=O)O)cc1.Cl.CC(C)(C)C(=O)CC(=O)NC12CC3CC(CC(C3)C1)C2>>CC(C)(C)c1cc(C(=O)NC2C3CC4CC(C3)CC2C4)n(-c2ccc(C(=O)O)cc2)n1,Experimental,1
op5001463,OPRD-100,NZCPNOLFWNSVMF-UHFFFAOYSA-N.PCNFLKVWBDNNOW-UHFFFAOYSA-N.VEXZGXHMUGYJMC-UHFFFAOYSA-N>>YJZCOKIYESZQJA-UHFFFAOYSA-N,NNc1ccc(C(=O)O)cc1.Cl.CC(C)(C)C(=O)CC(=O)NC12CC3CC(CC(C3)C1)C2>>CC(C)(C)c1c(C(=O)NC2C3CC4CC(C3)CC2C4)cnn1-c1ccccc1,Experimental,1
op5001463,OPRD-100,PCNFLKVWBDNNOW-UHFFFAOYSA-N.VEXZGXHMUGYJMC-UHFFFAOYSA-N>>PUVXAQCVNJUHKG-UHFFFAOYSA-N.VEXZGXHMUGYJMC-UHFFFAOYSA-N,NNc1ccc(C(=O)O)cc1.Cl>>COC(=O)c1ccc(NN)cc1.Cl,Scheme 1,1
op5001463,OPRD-100,QZWNXXINFABALM-UHFFFAOYSA-N.VUYNTIDSHCJIKF-UHFFFAOYSA-N>>XVIJIBZIAXUXRY-UHFFFAOYSA-N,NC1C2CC3CC(C2)CC1C3.CCOC(=O)CC(=O)C(C)(C)C>>CC(C)(C)C(=O)CC(=O)NC1C2CC3CC(C2)CC1C3,"Scheme 1, Scheme 2",2
op5001463,OPRD-100,QZWNXXINFABALM-UHFFFAOYSA-N>>QZWNXXINFABALM-UHFFFAOYSA-N,NC1C2CC3CC(C2)CC1C3>>NC1C2CC3CC(C2)CC1C3,Scheme 1,1
op5001463,OPRD-100,QZWNXXINFABALM-UHFFFAOYSA-O.VEXZGXHMUGYJMC-UHFFFAOYSA-M>>QZWNXXINFABALM-UHFFFAOYSA-N,[NH3+]C1C2CC3CC(C2)CC1C3.[Cl-]>>NC1C2CC3CC(C2)CC1C3,Scheme 2,1
op5001463,OPRD-100,SULGGMDSHXXJNB-UHFFFAOYSA-N>>CNLOQAHIIQXQFD-UHFFFAOYSA-N,CC(C)(C)c1nn(-c2ccc(C(=O)O)cc2)cc1C(=O)NC1C2CC3CC(C2)CC1C3>>CC(C)OC(=O)c1ccc(-n2cc(C(=O)NC3C4CC5CC(C4)CC3C5)c(C(C)(C)C)n2)cc1,Experimental,1
op5001513,OPRD-100,BNKQZIRTIXKZMF-DHZHZOJOSA-N>>WHPJOGSCRHMEDX-ONNFQVAWSA-N,CC/C(c1cc(S(C)(=O)=O)ncc1)=N\O>>C/C=C(c2cc(S(C)(=O)=O)ncc2)/NC(C)=O,Scheme 4,1
op5001513,OPRD-100,CSFZBOFCCCTBBW-ONNFQVAWSA-N>>MFKHFMVCWPTKFP-JTQLQIEISA-N,C/C=C(/NC(=O)CC)c1ccnc(S(C)(=O)=O)c1>>CCC(=O)N[C@@H](CC)c1ccnc(S(C)(=O)=O)c1,Table 3,1
op5001513,OPRD-100,CSFZBOFCCCTBBW-WMZJFQQLSA-N>>MFKHFMVCWPTKFP-JTQLQIEISA-N,C/C=C(c1cc(S(C)(=O)=O)ncc1)\NC(CC)=O>>CCC(N[C@H](c2cc(S(C)(=O)=O)ncc2)CC)=O,"Experimental, Scheme 8, Table 3",3
op5001513,OPRD-100,CSFZBOFCCCTBBW-WMZJFQQLSA-N>>MFKHFMVCWPTKFP-SNVBAGLBSA-N,C/C=C(c1cc(S(C)(=O)=O)ncc1)\NC(CC)=O>>CCC(N[C@@H](c2cc(S(C)(=O)=O)ncc2)CC)=O,Table 3,1
op5001513,OPRD-100,DLFVBJFMPXGRIB-UHFFFAOYSA-N.ULHLCOXBIQPYDP-UHFFFAOYSA-N>>WHPJOGSCRHMEDX-ONNFQVAWSA-N,CCC(=O)c1ccnc(S(C)(=O)=O)c1.CC(N)=O>>C/C=C(c1cc(S(C)(=O)=O)ncc1)/NC(C)=O,Table 2,1
op5001513,OPRD-100,FKLMEVDCBCKSKH-UHFFFAOYSA-N.VEXZGXHMUGYJMC-UHFFFAOYSA-N>>ULHLCOXBIQPYDP-UHFFFAOYSA-N,CCC(=O)c1ccnc(SC(=N)N)c1.Cl>>CCC(=O)c1ccnc(S(C)(=O)=O)c1,Scheme 3,1
op5001513,OPRD-100,FKLMEVDCBCKSKH-UHFFFAOYSA-N>>ULHLCOXBIQPYDP-UHFFFAOYSA-N,CCC(=O)c1ccnc(SC(=N)N)c1>>CCC(=O)c1ccnc(S(C)(=O)=O)c1,Experimental,1
op5001513,OPRD-100,GHONLVKPBHGMJH-UHFFFAOYSA-N>>FKLMEVDCBCKSKH-UHFFFAOYSA-N.VEXZGXHMUGYJMC-UHFFFAOYSA-N,CCC(=O)c1ccnc(Cl)c1>>CCC(=O)c1ccnc(SC(=N)N)c1.Cl,Experimental,1
op5001513,OPRD-100,KLAVMCZNXNMQNK-VZUCSPMQSA-N>>OYVYRKKNARAZPD-NSHDSACASA-N,C/C=C(/NC(=O)C(C)C)c1ccnc(S(C)(=O)=O)c1>>CC[C@H](NC(=O)C(C)C)c1ccnc(S(C)(=O)=O)c1,Table 3,1
op5001513,OPRD-100,MFKHFMVCWPTKFP-JTQLQIEISA-N>>JUJWROOIHBZHMG-UHFFFAOYSA-N.SXQRTSYTHHDLLS-QMMMGPOBSA-N.VEXZGXHMUGYJMC-UHFFFAOYSA-N.VEXZGXHMUGYJMC-UHFFFAOYSA-N,CCC(=O)N[C@@H](CC)c1ccnc(S(C)(=O)=O)c1>>CC[C@H](N)c1ccnc(S(C)(=O)=O)c1.Cl.c1ccncc1.Cl,"Experimental, Scheme 7, Scheme 8",3
op5001513,OPRD-100,MFKHFMVCWPTKFP-JTQLQIEISA-N>>SXQRTSYTHHDLLS-QMMMGPOBSA-N,CCC(N[C@H](c1cc(S(C)(=O)=O)ncc1)CC)=O>>CC[C@@H](c2cc(S(C)(=O)=O)ncc2)N,Table 4,1
op5001513,OPRD-100,NRKYWOKHZRQRJR-UHFFFAOYSA-N.ULHLCOXBIQPYDP-UHFFFAOYSA-N>>UAIRPVZZMHIFSW-FPYGCLRLSA-N,CCC(=O)c1ccnc(S(C)(=O)=O)c1.NC(=O)C(F)(F)F>>C/C=C(/NC(=O)C(F)(F)F)c1ccnc(S(C)(=O)=O)c1,Table 2,1
op5001513,OPRD-100,QLNJFJADRCOGBJ-UHFFFAOYSA-N.ULHLCOXBIQPYDP-UHFFFAOYSA-N>>CSFZBOFCCCTBBW-ONNFQVAWSA-N,CCC(=O)c1ccnc(S(C)(=O)=O)c1.CCC(N)=O>>C/C=C(/NC(=O)CC)c1ccnc(S(C)(=O)=O)c1,"Scheme 6, Table 2",2
op5001513,OPRD-100,QLNJFJADRCOGBJ-UHFFFAOYSA-N.ULHLCOXBIQPYDP-UHFFFAOYSA-N>>CSFZBOFCCCTBBW-WMZJFQQLSA-N,CCC(c1cc(S(C)(=O)=O)ncc1)=O.CCC(N)=O>>C/C=C(c2cc(S(C)(=O)=O)ncc2)\NC(CC)=O,Scheme 8,1
op5001513,OPRD-100,QXCOHSRHFCHCHN-UHFFFAOYSA-N>>GHONLVKPBHGMJH-UHFFFAOYSA-N,O=C(O)c1ccnc(Cl)c1>>CCC(=O)c1ccnc(Cl)c1,"Experimental, Scheme 2",2
op5001513,OPRD-100,QXCOHSRHFCHCHN-UHFFFAOYSA-N>>IGRLNCOFYMWKBU-UHFFFAOYSA-N,O=C(O)c1ccnc(Cl)c1>>CCOC(=O)c1ccnc(Cl)c1,Scheme 8,1
op5001513,OPRD-100,ULHLCOXBIQPYDP-UHFFFAOYSA-N.WFKAJVHLWXSISD-UHFFFAOYSA-N>>KLAVMCZNXNMQNK-VZUCSPMQSA-N,CCC(=O)c1ccnc(S(C)(=O)=O)c1.CC(C)C(N)=O>>C/C=C(/NC(=O)C(C)C)c1ccnc(S(C)(=O)=O)c1,Table 2,1
op5001513,OPRD-100,ULHLCOXBIQPYDP-UHFFFAOYSA-N.XIPFMBOWZXULIA-UHFFFAOYSA-N>>WAPOENJRZFUQLC-IZZDOVSWSA-N,CCC(=O)c1ccnc(S(C)(=O)=O)c1.CC(C)(C)C(N)=O>>C/C=C(/NC(=O)C(C)(C)C)c1ccnc(S(C)(=O)=O)c1,Table 2,1
op5001513,OPRD-100,ULHLCOXBIQPYDP-UHFFFAOYSA-N>>BNKQZIRTIXKZMF-FLIBITNWSA-N,CCC(=O)c1ccnc(S(C)(=O)=O)c1>>CC/C(=N/O)c1ccnc(S(C)(=O)=O)c1,"Experimental, Scheme 4",2
op5001513,OPRD-100,ULHLCOXBIQPYDP-UHFFFAOYSA-N>>WHPJOGSCRHMEDX-ONNFQVAWSA-N,CCC(c1cc(S(C)(=O)=O)ncc1)=O>>C/C=C(c2cc(S(C)(=O)=O)ncc2)/NC(C)=O,Scheme 5,1
op5001513,OPRD-100,WAPOENJRZFUQLC-IZZDOVSWSA-N>>ZDERYYQTQJHCIE-NSHDSACASA-N,C/C=C(/NC(=O)C(C)(C)C)c1ccnc(S(C)(=O)=O)c1>>CC[C@H](NC(=O)C(C)(C)C)c1ccnc(S(C)(=O)=O)c1,Table 3,1
op5001513,OPRD-100,WHPJOGSCRHMEDX-ONNFQVAWSA-N>>WFCJZTLRXZPWPL-JTQLQIEISA-N,C/C=C(/NC(C)=O)c1ccnc(S(C)(=O)=O)c1>>CC[C@H](NC(C)=O)c1ccnc(S(C)(=O)=O)c1,Table 3,1
op034028h,OPRD-100,AUKYBJIHIOCNJP-UHFFFAOYSA-N.GOJJPJCUSDMTAT-SSDOTTSWSA-N>>HSGZLFWXBIVLBD-GFCCVEGCSA-N,O=C(Nc1cc(F)c(N2CCS(=O)(=O)CC2)c(F)c1)OCC(Cl)(Cl)Cl.CC(=O)NC[C@@H](CCl)OC(C)=O>>CC(=O)NC[C@@H]1CN(c2cc(F)c(N3CCS(=O)(=O)CC3)c(F)c2)C(=O)O1,Experimental,1
op034028h,OPRD-100,AUKYBJIHIOCNJP-UHFFFAOYSA-N>>HSGZLFWXBIVLBD-LBPRGKRZSA-N,O=C(Nc1cc(F)c(N2CCS(=O)(=O)CC2)c(F)c1)OCC(Cl)(Cl)Cl>>CC(=O)NC[C@H]1CN(c2cc(F)c(N3CCS(=O)(=O)CC3)c(F)c2)C(=O)O1,Scheme 5,1
op034028h,OPRD-100,BCERVHZUVNOSNR-ZCFIWIBFSA-N.NXPOFLDHVSJZRH-UHFFFAOYSA-N>>VTRFKDPDRIBOPO-HNNXBMFYSA-N,CC(C)COC(=O)Nc1ccc(C2CCSCC2)c(F)c1.CC(C)(C)OC(=O)NC[C@H](O)CCl>>CC(C)(C)OC(=O)NC[C@H]1CN(c2ccc(C3CCSCC3)c(F)c2)C(=O)O1,Experimental,1
op034028h,OPRD-100,BCERVHZUVNOSNR-ZCFIWIBFSA-N.OWLXTOJXSFWXIN-UHFFFAOYSA-N>>WKKCSNDIZGCYDA-HNNXBMFYSA-N,CC(C)COC(=O)Nc1ccc(C2CCS(=O)(=O)CC2)c(F)c1.CC(C)(C)OC(=O)NC[C@H](O)CCl>>CC(C)(C)OC(=O)NC[C@H]1CN(c2ccc(C3CCS(=O)(=O)CC3)c(F)c2)C(=O)O1,Experimental,1
op034028h,OPRD-100,BCERVHZUVNOSNR-ZCFIWIBFSA-N.XKGUZGHMWUIYDR-UHFFFAOYSA-N>>TYZROVQLWOKYKF-ZDUSSCGKSA-N,O=C(Nc1ccc(N2CCOCC2)c(F)c1)OCc1ccccc1.CC(C)(C)OC(=O)NC[C@H](O)CCl>>CC(=O)NC[C@H]1CN(c2ccc(N3CCOCC3)c(F)c2)C(=O)O1,Experimental,1
op034028h,OPRD-100,BRLQWZUYTZBJKN-GSVOUGTGSA-N>>AFVFQIVMOAPDHO-UHFFFAOYSA-N.CYJBWQFWXJKKMS-GSVOUGTGSA-N,ClC[C@@H]1CO1>>NC[C@H](O)CCl.CS(=O)(=O)O,"Experimental, Table 4",1
op034028h,OPRD-100,BRLQWZUYTZBJKN-GSVOUGTGSA-N>>CYJBWQFWXJKKMS-GSVOUGTGSA-N.JOXIMZWYDAKGHI-UHFFFAOYSA-N,ClC[C@@H]1CO1>>NC[C@H](O)CCl.Cc1ccc(S(=O)(=O)O)cc1,"Experimental, Table 4",1
op034028h,OPRD-100,BRLQWZUYTZBJKN-GSVOUGTGSA-N>>CYJBWQFWXJKKMS-GSVOUGTGSA-N.MIOPJNTWMNEORI-OMNKOJBGSA-N,ClC[C@@H]1CO1>>NC[C@H](O)CCl.CC1(C)C2CC[C@@]1(CS(=O)(=O)O)C(=O)C2,"Experimental, Table 4",1
op034028h,OPRD-100,BRLQWZUYTZBJKN-GSVOUGTGSA-N>>CYJBWQFWXJKKMS-GSVOUGTGSA-N.MIOPJNTWMNEORI-XVKPBYJWSA-N,ClC[C@@H]1CO1>>NC[C@H](O)CCl.CC1(C)[C@H]2CC[C@]1(CS(=O)(=O)O)C(=O)C2,"Experimental, Table 4",1
op034028h,OPRD-100,BRLQWZUYTZBJKN-GSVOUGTGSA-N>>CYJBWQFWXJKKMS-GSVOUGTGSA-N.SRSXLGNVWSONIS-UHFFFAOYSA-N,ClC[C@@H]1CO1>>NC[C@H](O)CCl.O=S(=O)(O)c1ccccc1,"Experimental, Table 4",1
op034028h,OPRD-100,BRLQWZUYTZBJKN-GSVOUGTGSA-N>>CYJBWQFWXJKKMS-GSVOUGTGSA-N.VEXZGXHMUGYJMC-UHFFFAOYSA-N,ClC[C@@H]1CO1>>NC[C@H](O)CCl.Cl,"Experimental, Scheme 1",2
op034028h,OPRD-100,CYJBWQFWXJKKMS-GSVOUGTGSA-N.VEXZGXHMUGYJMC-UHFFFAOYSA-N>>BCERVHZUVNOSNR-ZCFIWIBFSA-N,NC[C@H](O)CCl.Cl>>CC(C)(C)OC(=O)NC[C@H](O)CCl,Scheme 7,1
op034028h,OPRD-100,CYJBWQFWXJKKMS-GSVOUGTGSA-N.VEXZGXHMUGYJMC-UHFFFAOYSA-N>>GOJJPJCUSDMTAT-SSDOTTSWSA-N,NC[C@H](O)CCl.Cl>>CC(=O)NC[C@@H](CCl)OC(C)=O,"Experimental, Scheme 1",2
op034028h,OPRD-100,CYJBWQFWXJKKMS-GSVOUGTGSA-N.VEXZGXHMUGYJMC-UHFFFAOYSA-N>>XWJZCAOMAPZUFS-RXMQYKEDSA-N,NC[C@H](O)CCl.Cl>>CC(=O)NC[C@H](O)CCl,"Experimental, Scheme 1",2
op034028h,OPRD-100,CYJBWQFWXJKKMS-GSVOUGTGSA-N>>BCERVHZUVNOSNR-ZCFIWIBFSA-N,NC[C@H](O)CCl>>CC(C)(C)OC(=O)NC[C@H](O)CCl,Experimental,1
op034028h,OPRD-100,FCNMUAPZQUTXIQ-UHFFFAOYSA-N>>IAQNDIYXOKAHJQ-AWEZNQCLSA-N,CC(C)COC(=O)Nc1ccc(C2CCSCC2)cc1>>CC(=O)NC[C@H]1CN(c2ccc(C3CCSCC3)c(F)c2)C(=O)O1,Table 2,1
op034028h,OPRD-100,FNBRWWLGSBMWKP-UHFFFAOYSA-N.GOJJPJCUSDMTAT-SSDOTTSWSA-N>>HSGZLFWXBIVLBD-GFCCVEGCSA-N,CC(C)COC(=O)Nc1cc(F)c(N2CCS(=O)(=O)CC2)c(F)c1.CC(=O)NC[C@@H](CCl)OC(C)=O>>CC(=O)NC[C@@H]1CN(c2cc(F)c(N3CCS(=O)(=O)CC3)c(F)c2)C(=O)O1,Experimental,1
op034028h,OPRD-100,FNBRWWLGSBMWKP-UHFFFAOYSA-N>>HSGZLFWXBIVLBD-GFCCVEGCSA-N,CC(C)COC(=O)Nc1cc(F)c(N2CCS(=O)(=O)CC2)c(F)c1>>CC(=O)NC[C@@H]1CN(c2cc(F)c(N3CCS(=O)(=O)CC3)c(F)c2)C(=O)O1,Experimental,1
op034028h,OPRD-100,FNBRWWLGSBMWKP-UHFFFAOYSA-N>>HSGZLFWXBIVLBD-LBPRGKRZSA-N,CC(C)COC(=O)Nc1cc(F)c(N2CCS(=O)(=O)CC2)c(F)c1>>CC(=O)NC[C@H]1CN(c2cc(F)c(N3CCS(=O)(=O)CC3)c(F)c2)C(=O)O1,Scheme 4,1
op034028h,OPRD-100,HBTVZPMDLRPWKZ-YFKPBYRVSA-N>>QTUGEWQIZYQITL-RXMQYKEDSA-N,CC(=O)NC[C@H]1CO1>>CC1=NC[C@H](CO)O1,Scheme 1,1
op034028h,OPRD-100,HQOHNOBCHBZOHV-GFCCVEGCSA-N>>DKCKSIDGHAKTNJ-LBPRGKRZSA-N,CC(C)(C)OC(=O)NC[C@H](O)CNc1ccccc1>>CC(C)(C)OC(=O)NC[C@H]1CN(c2ccccc2)C(=O)O1,Scheme 6,1
op034028h,OPRD-100,IKISJVHYIWZBRX-UHFFFAOYSA-N>>TYZROVQLWOKYKF-ZDUSSCGKSA-N,COC(=O)Nc1ccc(N2CCOCC2)c(F)c1>>CC(=O)NC[C@H]1CN(c2ccc(N3CCOCC3)c(F)c2)C(=O)O1,Scheme 1,1
op034028h,OPRD-100,NGLNAWJEGNSZPA-UHFFFAOYSA-N>>KTSYLLXCSUQNLJ-INIZCTEOSA-N,CC(C)COC(=O)Nc1ccc(C2(O)CCSCC2)c(F)c1>>CC(=O)NC[C@H]1CN(c2ccc(C3=CCSCC3)cc2)C(=O)O1,Experimental,1
op034028h,OPRD-100,NXPOFLDHVSJZRH-UHFFFAOYSA-N>>IHCACECIGZUAOH-AWEZNQCLSA-N,CC(C)COC(=O)Nc1ccc(C2CCSCC2)c(F)c1>>CC(=O)C[C@H]1CN(c2ccc(C3CCSCC3)c(F)c2)C(=O)O1,Table 1,1
op034028h,OPRD-100,NXPOFLDHVSJZRH-UHFFFAOYSA-N>>VTRFKDPDRIBOPO-HNNXBMFYSA-N,CC(C)COC(=O)Nc1ccc(C2CCSCC2)c(F)c1>>CC(C)(C)OC(=O)NC[C@H]1CN(c2ccc(C3CCSCC3)c(F)c2)C(=O)O1,Scheme 8,1
op034028h,OPRD-100,OWLXTOJXSFWXIN-UHFFFAOYSA-N>>HXIRRTKMRUQCIG-INIZCTEOSA-N,CC(C)COC(=O)Nc1ccc(C2CCS(=O)(=O)CC2)c(F)c1>>CC(=O)NC[C@H]1CN(c2ccc(C3CCS(=O)(=O)CC3)cc2)C(=O)O1,Table 1,1
op034028h,OPRD-100,OWLXTOJXSFWXIN-UHFFFAOYSA-N>>IWQKGZCKJMWODX-AWEZNQCLSA-N,CC(C)COC(=O)Nc1ccc(C2CCS(=O)(=O)CC2)c(F)c1>>CC(=O)C[C@H]1CN(c2ccc(C3CCS(=O)(=O)CC3)c(F)c2)C(=O)O1,Table 1,1
op034028h,OPRD-100,OWLXTOJXSFWXIN-UHFFFAOYSA-N>>WKKCSNDIZGCYDA-HNNXBMFYSA-N,CC(C)COC(=O)Nc1ccc(C2CCS(=O)(=O)CC2)c(F)c1>>CC(C)(C)OC(=O)NC[C@H]1CN(c2ccc(C3CCS(=O)(=O)CC3)c(F)c2)C(=O)O1,Scheme 8,1
op034028h,OPRD-100,PAYRUJLWNCNPSJ-UHFFFAOYSA-N.ZBBGKXNNTNBRBH-LURJTMIESA-N>>HQOHNOBCHBZOHV-GFCCVEGCSA-N,Nc1ccccc1.CC(C)(C)OC(=O)NC[C@H]1CO1>>CC(C)(C)OC(=O)NC[C@H](O)CNc1ccccc1,Scheme 6,1
op034028h,OPRD-100,PLZYGAAUYBWQNK-UHFFFAOYSA-N>>AUKYBJIHIOCNJP-UHFFFAOYSA-N,Nc1cc(F)c(N2CCS(=O)(=O)CC2)c(F)c1>>O=C(Nc1cc(F)c(N2CCS(=O)(=O)CC2)c(F)c1)OCC(Cl)(Cl)Cl,Scheme 5,1
op034028h,OPRD-100,PLZYGAAUYBWQNK-UHFFFAOYSA-N>>KSFFVBMXWMWBPL-UHFFFAOYSA-N,Nc1cc(F)c(N2CCS(=O)(=O)CC2)c(F)c1>>CC(C)(C)COC(=O)Nc1cc(F)c(N2CCS(=O)(=O)CC2)c(F)c1,Experimental,1
op034028h,OPRD-100,RVGUBBSEUVHGNN-UHFFFAOYSA-N>>JHHJASIJSGMYQB-OAHLLOKOSA-N,CC(C)COC(=O)Nc1ccc(C2=CCSCC2)c(F)c1>>CC(=O)N[C@H]1CN(c2ccc(C3=CCSCC3)c(F)c2)C(=O)O1,Scheme 3,1
op034028h,OPRD-100,RVGUBBSEUVHGNN-UHFFFAOYSA-N>>LEDKTMWGVFWKDT-AWEZNQCLSA-N,CC(C)COC(=O)Nc1ccc(C2=CCSCC2)c(F)c1>>CC(=O)C[C@H]1CN(c2ccc(C3=CCSCC3)c(F)c2)C(=O)O1,Table 1,1
op034028h,OPRD-100,WYUUIRIAVPAUJA-UHFFFAOYSA-N>>UWWGHMAGNGMEGC-AWEZNQCLSA-N,CC(C)COC(=O)Nc1ccc(C2=CCSCC2)cc1>>CC(=O)NC[C@H]1CN(c2ccc(C3=CCSCC3)c(F)c2)C(=O)O1,Table 2,1
op034028h,OPRD-100,XKGUZGHMWUIYDR-UHFFFAOYSA-N>>ROGIZINZPKKEFU-ZDUSSCGKSA-N,O=C(Nc1ccc(N2CCOCC2)c(F)c1)OCc1ccccc1>>CC(=O)C[C@H]1CN(c2ccc(N3CCOCC3)c(F)c2)C(=O)O1,Table 1,1
op034028h,OPRD-100,XKGUZGHMWUIYDR-UHFFFAOYSA-N>>TYZROVQLWOKYKF-ZDUSSCGKSA-N,O=C(Nc1ccc(N2CCOCC2)c(F)c1)OCc1ccccc1>>CC(=O)NC[C@H]1CN(c2ccc(N3CCOCC3)c(F)c2)C(=O)O1,Scheme 1,1
op034028h,OPRD-100,XKGUZGHMWUIYDR-UHFFFAOYSA-N>>UZSKEHDRQJMNRC-AWEZNQCLSA-N,O=C(Nc1ccc(N2CCOCC2)c(F)c1)OCc1ccccc1>>CC(C)(C)OC(=O)NC[C@H]1CN(c2ccc(N3CCOCC3)c(F)c2)C(=O)O1,Scheme 7,1
op034028h,OPRD-100,XLSAGRPSHDKAKT-UHFFFAOYSA-N>>TYZROVQLWOKYKF-ZDUSSCGKSA-N,O=C(Nc1ccc(N2CCOCC2)c(F)c1)OC(=O)c1ccccc1>>CC(=O)NC[C@H]1CN(c2ccc(N3CCOCC3)c(F)c2)C(=O)O1,Table 2,1
op034028h,OPRD-100,XWJZCAOMAPZUFS-RXMQYKEDSA-N>>HBTVZPMDLRPWKZ-YFKPBYRVSA-N,CC(=O)NC[C@H](O)CCl>>CC(=O)NC[C@H]1CO1,Scheme 1,1
op034028h,OPRD-100,XWJZCAOMAPZUFS-RXMQYKEDSA-N>>HBTVZPMDLRPWKZ-YFKPBYRVSA-N.WQFXIGBBKQYMFO-LURJTMIESA-N,CC(=O)NC[C@H](O)CCl>>CC(=O)NC[C@H]1CO1.CC[C@H]1CN=C(C)O1,Experimental,1
op034028h,OPRD-100,ZNVPWZUUQQJWLS-UHFFFAOYSA-N>>MNLFJEFGJSTWFK-NSHDSACASA-N,CC(C)COC(=O)Nc1cccc(F)c1>>CC(=O)C[C@H]1CN(c2cccc(F)c2)C(=O)O1,Table 1,1
acs.oprd.6b00210,OPRD-100,AAQHWJYZAVUCDS-UHFFFAOYSA-N.HNBBOUJRDHVLFJ-UHFFFAOYSA-N>>BGBGPZVZYPGISR-UHFFFAOYSA-N,COc1cc(C(=O)O)cc(C2CCCC2)n1.CCc1cc(C(=N)NO)cc(C)c1O>>CCc1cc(C(=N)NOC(=O)c2cc(OC)nc(C3CCCC3)c2)cc(C)c1O,Scheme 1,1
acs.oprd.6b00210,OPRD-100,BGBGPZVZYPGISR-UHFFFAOYSA-N>>WQFVTOXIOBZZFP-UHFFFAOYSA-N,CCc1cc(C(=N)NOC(=O)c2cc(OC)nc(C3CCCC3)c2)cc(C)c1O>>CCc1cc(-c2noc(-c3cc(OC)nc(C4CCCC4)c3)n2)cc(C)c1O,Scheme 1,1
acs.oprd.6b00210,OPRD-100,DAPAXVAUEVRBGS-UHFFFAOYSA-N>>RZMRVPKAWHWSPY-UHFFFAOYSA-N,COC(=O)c1cc(Cl)nc(OC)c1>>COC(=O)c1cc(OC)nc(C2CCCC2)c1,"Experimental, Scheme 1, Scheme 2",3
acs.oprd.6b00210,OPRD-100,HNBBOUJRDHVLFJ-UHFFFAOYSA-N>>KRISWANDTJPRCA-JOCHJYFZSA-N,COc1cc(C(=O)O)cc(C2CCCC2)n1>>CCc1cc(C(=N)NOC(=O)c2cc(OC)nc(C3CCCC3)c2)cc(C)c1OC[C@@H]1COC(C)(C)O1,"Experimental, Scheme 5, Scheme 6",3
acs.oprd.6b00210,OPRD-100,JJVKJJNCIILLRP-UHFFFAOYSA-N>>XIRUBRCWEBCUOG-UHFFFAOYSA-N,CCc1cccc(C)c1N>>CCc1cc(C#N)cc(C)c1O,Scheme 6,1
acs.oprd.6b00210,OPRD-100,LKENTYLPIUIMFG-UHFFFAOYSA-N>>ZWGYOHPDCCVFIQ-UHFFFAOYSA-N,CC(=O)C1CCCC1>>O=C(O)c1cc(C2CCCC2)[nH]c(=O)c1,"Experimental, Scheme 3, Scheme 6",3
acs.oprd.6b00210,OPRD-100,NCJNQCZEFXNLLE-UHFFFAOYSA-N>>HNBBOUJRDHVLFJ-UHFFFAOYSA-N,COC(=O)c1cc(Cl)nc(C2CCCC2)c1>>COc1cc(C(=O)O)cc(C2CCCC2)n1,"Experimental, Scheme 6",2
acs.oprd.6b00210,OPRD-100,NCJNQCZEFXNLLE-UHFFFAOYSA-N>>RZMRVPKAWHWSPY-UHFFFAOYSA-N,COC(=O)c1cc(Cl)nc(C2CCCC2)c1>>COC(=O)c1cc(OC)nc(C2CCCC2)c1,Scheme 3,1
acs.oprd.6b00210,OPRD-100,PJQBTHQTVJMCFX-UHFFFAOYSA-N>>DAPAXVAUEVRBGS-UHFFFAOYSA-N,COc1cc(C(=O)O)cc(Cl)n1>>COC(=O)c1cc(Cl)nc(OC)c1,Scheme 1,1
acs.oprd.6b00210,OPRD-100,SQSYNRCXIZHKAI-UHFFFAOYSA-N>>XSKGHSUHOYEBTK-UHFFFAOYSA-N,O=C(O)c1cc(Cl)nc(Cl)c1>>COC(=O)c1cc(Cl)nc(Cl)c1,"Experimental, Scheme 2",2
acs.oprd.6b00210,OPRD-100,ULTHEAFYOOPTTB-UHFFFAOYSA-N>>LKENTYLPIUIMFG-UHFFFAOYSA-N,BrCCCCBr>>CC(=O)C1CCCC1,Experimental,1
acs.oprd.6b00210,OPRD-100,XSKGHSUHOYEBTK-UHFFFAOYSA-N>>DAPAXVAUEVRBGS-UHFFFAOYSA-N,COC(=O)c1cc(Cl)nc(Cl)c1>>COC(=O)c1cc(Cl)nc(OC)c1,"Experimental, Scheme 2",2
acs.oprd.6b00210,OPRD-100,ZWGYOHPDCCVFIQ-UHFFFAOYSA-N>>KFYXHXWIDPBLSD-UHFFFAOYSA-N,O=C(O)c1cc(C2CCCC2)[nH]c(=O)c1>>COC(=O)c1cc(C2CCCC2)[nH]c(=O)c1,"Experimental, Scheme 3, Scheme 6",3
op0501287,OPRD-100,ASWVRQMOOIXPCJ-UHFFFAOYSA-N.JJSCUXAFAJEQGB-MRVPVSSYSA-N.JJSCUXAFAJEQGB-MRVPVSSYSA-N.VEXZGXHMUGYJMC-UHFFFAOYSA-N>>YAJQCUWQFWPARC-QLJPJBMISA-N,Nc1ccc(Cl)cc1C(O)(O)C(F)(F)F.C[C@@H](N=C=O)c1ccccc1.C[C@@H](N=C=O)c1ccccc1.Cl>>C[C@H](c1ccccc1)N1C(=O)Nc2ccc(Cl)cc2[C@@]1(O)C(F)(F)F,Scheme 1,1
op0501287,OPRD-100,NERJGCYSHKKSOW-SZNDQCEHSA-N>>JJWJSIAJLBEMEN-ZDUSSCGKSA-N,C[C@H](c1ccccc1)N1C(=O)Nc2ccc(Cl)cc2[C@@]1(C#CC1CC1)C(F)(F)F>>O=C1Nc2ccc(Cl)cc2[C@@](C#CC2CC2)(C(F)(F)F)N1,Scheme 1,1
op0501287,OPRD-100,YAJQCUWQFWPARC-QLJPJBMISA-N>>NERJGCYSHKKSOW-SZNDQCEHSA-N,C[C@H](c1ccccc1)N1C(=O)Nc2ccc(Cl)cc2[C@@]1(O)C(F)(F)F>>C[C@H](c1ccccc1)N1C(=O)Nc2ccc(Cl)cc2[C@@]1(C#CC1CC1)C(F)(F)F,Scheme 1,1
op5002353,OPRD-100,AOWMOCMDAHUUKD-UHFFFAOYSA-N.ODGCEQLVLXJUCC-UHFFFAOYSA-N.ZNRGSYUVFVNSAW-UHFFFAOYSA-N>>PMHCOLXQSXMKJJ-UHFFFAOYSA-N,COC(=O)c1ccc([N+]#N)cc1.F[B-](F)(F)F.O=[N+]([O-])c1cccc(B(O)O)c1>>COC(=O)c1ccc(-c2cccc([N+](=O)[O-])c2)cc1,"Table 1, Table 2",2
op5002353,OPRD-100,CMHPUBKZZPSUIQ-UHFFFAOYSA-N.IBYCWKWDGZMDQM-UHFFFAOYSA-N.ODGCEQLVLXJUCC-UHFFFAOYSA-N>>LGKNUKWQZBQTLM-UHFFFAOYSA-N,N#[N+]c1ccc(C(F)(F)F)nc1.F[B-](F)(F)F.OB(O)c1ccc2c(c1)OCO2>>FC(F)(F)c1ccc(-c2ccc3c(c2)OCO3)cn1,Table 4,1
op5002353,OPRD-100,CMHPUBKZZPSUIQ-UHFFFAOYSA-N.ODGCEQLVLXJUCC-UHFFFAOYSA-N.PTZGBPAXEKEBSB-UHFFFAOYSA-N>>QSRBTAKPKQLALD-UHFFFAOYSA-N,N#[N+]c1cccc([N+](=O)[O-])c1.F[B-](F)(F)F.OB(O)c1ccc2c(c1)OCO2>>O=[N+]([O-])c1cccc(-c2ccc3c(c2)OCO3)c1,Table 4,1
op5002353,OPRD-100,CMHPUBKZZPSUIQ-UHFFFAOYSA-N.ODGCEQLVLXJUCC-UHFFFAOYSA-N.QSBJNZNXOVWTCN-UHFFFAOYSA-N>>TYTYRRYKPAKXPF-UHFFFAOYSA-N,N#[N+]c1ccc2c(c1)OCO2.F[B-](F)(F)F.OB(O)c1ccc2c(c1)OCO2>>c1cc2c(cc1-c1ccc3c(c1)OCO3)OCO2,Table 4,1
op5002353,OPRD-100,CZGLIAXPNCFRRC-UHFFFAOYSA-N.ODGCEQLVLXJUCC-UHFFFAOYSA-N.RCVDPBFUMYUKPB-UHFFFAOYSA-N>>ACUWVDRCUXCXPR-UHFFFAOYSA-N,N#[N+]c1cccc(C(F)(F)F)c1.F[B-](F)(F)F.COc1ccc(B(O)O)cc1OC>>COc1ccc(-c2cccc(C(F)(F)F)c2)cc1OC,Scheme 1,1
op5002353,OPRD-100,HLCPWBZNUKCSBN-UHFFFAOYSA-N.IOGXOCVLYRDXLW-UHFFFAOYSA-N.XYMZNNGTHKHCJH-UHFFFAOYSA-N>>ODGCEQLVLXJUCC-UHFFFAOYSA-N.UTPQPWXEARCGET-UHFFFAOYSA-N,N#Cc1ccccc1N.F[B-](F)(F)[O+]1CCCC1.CC(C)(C)ON=O>>F[B-](F)(F)F.N#Cc1ccccc1[N+]#N,Scheme 2,1
op5002353,OPRD-100,HLCPWBZNUKCSBN-UHFFFAOYSA-N>>ODGCEQLVLXJUCC-UHFFFAOYSA-N.UTPQPWXEARCGET-UHFFFAOYSA-N,N#Cc1ccccc1N>>N#Cc1ccccc1[N+]#N.F[B-](F)(F)F,Experimental,1
op5002353,OPRD-100,IBOZOWZSXZNIHI-UHFFFAOYSA-N>>IBYCWKWDGZMDQM-UHFFFAOYSA-N.ODGCEQLVLXJUCC-UHFFFAOYSA-N,Nc1ccc(C(F)(F)F)nc1>>N#[N+]c1ccc(C(F)(F)F)nc1.F[B-](F)(F)F,Experimental,1
op5002353,OPRD-100,ICMFHHGKLRTCBM-UHFFFAOYSA-N.JNSBEPKGFVENFS-UHFFFAOYSA-N.ODGCEQLVLXJUCC-UHFFFAOYSA-N>>BKAZQDWJVJUJNW-UHFFFAOYSA-N,N#[N+]c1ccc([N+](=O)[O-])cc1.F[B-](F)(F)F.OB(O)c1ccccc1C(F)(F)F>>O=[N+]([O-])c1ccc(-c2ccccc2C(F)(F)F)cc1,Table 4,1
op5002353,OPRD-100,ICMFHHGKLRTCBM-UHFFFAOYSA-N.ODGCEQLVLXJUCC-UHFFFAOYSA-N.WDGWHKRJEBENCE-UHFFFAOYSA-N>>MBPCOTANORRIPC-UHFFFAOYSA-N,N#[N+]c1ccc([N+](=O)[O-])cc1.F[B-](F)(F)F.NC(=O)c1cccc(B(O)O)c1>>NC(=O)c1cccc(-c2ccc([N+](=O)[O-])cc2)c1,Table 4,1
op5002353,OPRD-100,LZXXNPOYQCLXRS-UHFFFAOYSA-N>>AOWMOCMDAHUUKD-UHFFFAOYSA-N.ODGCEQLVLXJUCC-UHFFFAOYSA-N,COC(=O)c1ccc(N)cc1>>COC(=O)c1ccc([N+]#N)cc1.F[B-](F)(F)F,Experimental,1
op5002353,OPRD-100,NDVJJEADFLTFCD-UHFFFAOYSA-N.ODGCEQLVLXJUCC-UHFFFAOYSA-N.PTZGBPAXEKEBSB-UHFFFAOYSA-N>>LELXCABHIRLMQJ-UHFFFAOYSA-N,N#[N+]c1cccc([N+](=O)[O-])c1.F[B-](F)(F)F.CS(=O)(=O)Nc1ccc(B(O)O)cc1>>CS(=O)(=O)Nc1ccc(-c2cccc([N+](=O)[O-])c2)cc1,Table 4,1
op5002353,OPRD-100,NDVJJEADFLTFCD-UHFFFAOYSA-N.ODGCEQLVLXJUCC-UHFFFAOYSA-N.WLFOCJZTUVTKON-UHFFFAOYSA-N>>XWGORNHKHQQXLC-UHFFFAOYSA-N,Cc1cc(=O)c2ccc([N+]#N)cc2o1.F[B-](F)(F)F.CS(=O)(=O)Nc1ccc(B(O)O)cc1>>Cc1cc(=O)c2ccc(-c3ccc(NS(C)(=O)=O)cc3)cc2o1,Table 4,1
op5002353,OPRD-100,ODGCEQLVLXJUCC-UHFFFAOYSA-N.PKRRNTJIHGOMRC-UHFFFAOYSA-N.XYFCGHOOAKDJGQ-UHFFFAOYSA-N>>ZEUXMIBNENITBX-UHFFFAOYSA-N,N#Cc1ccc([N+]#N)cc1.F[B-](F)(F)F.OB(O)c1cc2ccccc2o1>>N#Cc1ccc(-c2cc3ccccc3o2)cc1,Table 4,1
op5002353,OPRD-100,ODGCEQLVLXJUCC-UHFFFAOYSA-N.PTZGBPAXEKEBSB-UHFFFAOYSA-N.ZNRGSYUVFVNSAW-UHFFFAOYSA-N>>CCHRVFZBKRIKIX-UHFFFAOYSA-N,N#[N+]c1cccc([N+](=O)[O-])c1.F[B-](F)(F)F.O=[N+]([O-])c1cccc(B(O)O)c1>>O=[N+]([O-])c1cccc(-c2cccc([N+](=O)[O-])c2)c1,Table 4,1
op5002353,OPRD-100,ODGCEQLVLXJUCC-UHFFFAOYSA-N.QSBJNZNXOVWTCN-UHFFFAOYSA-N.ZNRGSYUVFVNSAW-UHFFFAOYSA-N>>QSRBTAKPKQLALD-UHFFFAOYSA-N,O=[N+]([O-])c1cccc(B(O)O)c1.N#[N+]c1ccc2c(c1)OCO2.F[B-](F)(F)F>>O=[N+]([O-])c1cccc(-c2ccc3c(c2)OCO3)c1,Table 4,1
op5002353,OPRD-100,ODGCEQLVLXJUCC-UHFFFAOYSA-N.UPQQTAIBAVTEGV-UHFFFAOYSA-N.VXWBQOJISHAKKM-UHFFFAOYSA-N>>AZDGDDGUHUQQMO-UHFFFAOYSA-N,N#[N+]c1ccc(Br)cc1.F[B-](F)(F)F.O=Cc1ccc(B(O)O)cc1>>O=Cc1ccc(-c2ccc(Br)cc2)cc1,Table 4,1
op5002353,OPRD-100,ODGCEQLVLXJUCC-UHFFFAOYSA-N.UTPQPWXEARCGET-UHFFFAOYSA-N.VXWBQOJISHAKKM-UHFFFAOYSA-N>>GOMLISZHRJBRGK-UHFFFAOYSA-N,N#Cc1ccccc1[N+]#N.F[B-](F)(F)F.O=Cc1ccc(B(O)O)cc1>>N#Cc1ccccc1-c1ccc(C=O)cc1,"Scheme 2, Table 4",2
op5002353,OPRD-100,PAKDFQZWVPNDSC-UHFFFAOYSA-N>>ODGCEQLVLXJUCC-UHFFFAOYSA-N.WLFOCJZTUVTKON-UHFFFAOYSA-N,Cc1cc(=O)c2ccc(N)cc2o1>>Cc1cc(=O)c2ccc([N+]#N)cc2o1.F[B-](F)(F)F,Experimental,1
op5002353,OPRD-100,UTPQPWXEARCGET-UHFFFAOYSA-N.VXWBQOJISHAKKM-UHFFFAOYSA-N>>HUMNYLRZRPPJDN-UHFFFAOYSA-N.JFDZBHWFFUWGJE-UHFFFAOYSA-N,N#Cc1ccccc1[N+]#N.O=Cc1ccc(B(O)O)cc1>>N#Cc1ccccc1.O=Cc1ccccc1,Scheme 3,1
op5002353,OPRD-100,UTPQPWXEARCGET-UHFFFAOYSA-N>>JFDZBHWFFUWGJE-UHFFFAOYSA-N,N#Cc1ccccc1[N+]#N>>N#Cc1ccccc1,Scheme 3,1
op5002353,OPRD-100,XGNXYCFREOZBOL-UHFFFAOYSA-N>>ODGCEQLVLXJUCC-UHFFFAOYSA-N.QSBJNZNXOVWTCN-UHFFFAOYSA-N,Nc1ccc2c(c1)OCO2>>N#[N+]c1ccc2c(c1)OCO2.F[B-](F)(F)F,Experimental,1
op5002353,OPRD-100,XJCVRTZCHMZPBD-UHFFFAOYSA-N>>ODGCEQLVLXJUCC-UHFFFAOYSA-N.PTZGBPAXEKEBSB-UHFFFAOYSA-N,Nc1cccc([N+](=O)[O-])c1>>N#[N+]c1cccc([N+](=O)[O-])c1.F[B-](F)(F)F,Experimental,1
op5002353,OPRD-100,YBAZINRZQSAIAY-UHFFFAOYSA-N>>ODGCEQLVLXJUCC-UHFFFAOYSA-N.XYFCGHOOAKDJGQ-UHFFFAOYSA-N,N#Cc1ccc(N)cc1>>N#Cc1ccc([N+]#N)cc1.F[B-](F)(F)F,Experimental,1
op5003402,OPRD-100,CCXFKJBMYLLRBW-CYBMUJFWSA-O.LSPHULWDVZXLIL-LDWIPMOCSA-M>>UXIPFQUBOVWAQW-PVGBUVFQSA-O,C[NH+]1CCCC[C@@H]1CCc1ccccc1N.CC1(C)[C@@H](C(=O)O)CC[C@@]1(C)C(=O)[O-]>>C[NH+]1CCCC[C@@H]1CCc1ccccc1NC(=O)/C=C/c1ccccc1,"Experimental, Scheme 7",2
op5003402,OPRD-100,CCXFKJBMYLLRBW-UHFFFAOYSA-O.JOXIMZWYDAKGHI-UHFFFAOYSA-M>>CCXFKJBMYLLRBW-CYBMUJFWSA-O.LSPHULWDVZXLIL-LDWIPMOCSA-M,Cc1ccc(S(=O)(=O)[O-])cc1.C[NH+]1CCCCC1CCc1ccccc1N>>C[NH+]1CCCC[C@@H]1CCc1ccccc1N.CC1(C)[C@@H](C(=O)O)CC[C@@]1(C)C(=O)[O-],"Scheme 4, Scheme 7",2
op5003402,OPRD-100,CCXFKJBMYLLRBW-UHFFFAOYSA-O.XMBWDFGMSWQBCA-UHFFFAOYSA-M>>CCXFKJBMYLLRBW-CYBMUJFWSA-O.YONLFQNRGZXBBF-ZIAGYGMSSA-M,C[NH+]1CCCCC1CCc1ccccc1N.[I-]>>C[NH+]1CCCC[C@@H]1CCc1ccccc1N.O=C(O[C@@H](C(=O)[O-])[C@@H](OC(=O)c1ccccc1)C(=O)O)c1ccccc1,Scheme 1,1
op5003402,OPRD-100,CCXFKJBMYLLRBW-UHFFFAOYSA-O.XMBWDFGMSWQBCA-UHFFFAOYSA-M>>CCXFKJBMYLLRBW-ZDUSSCGKSA-O.YONLFQNRGZXBBF-ZIAGYGMSSA-M,C[NH+]1CCCCC1CCc1ccccc1N.[I-]>>C[NH+]1CCCC[C@H]1CCc1ccccc1N.O=C(O[C@@H](C(=O)[O-])[C@@H](OC(=O)c1ccccc1)C(=O)O)c1ccccc1,Scheme 1,1
op5003402,OPRD-100,JOXIMZWYDAKGHI-UHFFFAOYSA-M.LSQZDJCVSJMGPA-MDZDMXLPSA-N>>CCXFKJBMYLLRBW-CYBMUJFWSA-O.JOXIMZWYDAKGHI-UHFFFAOYSA-M,C[n+]1ccccc1/C=C/c1ccccc1[N+](=O)[O-].Cc1ccc(S(=O)(=O)[O-])cc1>>C[NH+]1CCCC[C@@H]1CCc1ccccc1N.Cc1ccc(S(=O)(=O)[O-])cc1,Experimental,1
op5003402,OPRD-100,JOXIMZWYDAKGHI-UHFFFAOYSA-M.LSQZDJCVSJMGPA-MDZDMXLPSA-N>>JOXIMZWYDAKGHI-UHFFFAOYSA-M.SUTBWNVXYVVQJW-MDZDMXLPSA-O,C[n+]1ccccc1/C=C/c1ccccc1[N+](=O)[O-].Cc1ccc(S(=O)(=O)[O-])cc1>>C[NH+]1CCCCC1/C=C/c1ccccc1[N+](=O)[O-].Cc1ccc(S(=O)(=O)[O-])cc1,Scheme 7,1
op5003402,OPRD-100,WEJVAVJWAOLTIR-UHFFFAOYSA-N>>CCXFKJBMYLLRBW-UHFFFAOYSA-O.JOXIMZWYDAKGHI-UHFFFAOYSA-M,C[n+]1ccccc1CCc1ccccc1[N+](=O)[O-]>>C[NH+]1CCCCC1CCc1ccccc1N.Cc1ccc(S(=O)(=O)[O-])cc1,Scheme 2,1
op5003402,OPRD-100,WEJVAVJWAOLTIR-UHFFFAOYSA-N>>CCXFKJBMYLLRBW-UHFFFAOYSA-O.XMBWDFGMSWQBCA-UHFFFAOYSA-M,C[n+]1ccccc1CCc1ccccc1[N+](=O)[O-]>>C[NH+]1CCCCC1CCc1ccccc1N.[I-],Scheme 1,1
op5003402,OPRD-100,YADNATDOWRSAOC-CMDGGOBGSA-N>>JOXIMZWYDAKGHI-UHFFFAOYSA-M.LSQZDJCVSJMGPA-MDZDMXLPSA-N,O=[N+]([O-])c1ccccc1/C=C/c1ccccn1>>C[n+]1ccccc1/C=C/c1ccccc1[N+](=O)[O-].Cc1ccc(S(=O)(=O)[O-])cc1,"Experimental, Scheme 7",2
op5003402,OPRD-100,YADNATDOWRSAOC-CMDGGOBGSA-N>>JOXIMZWYDAKGHI-UHFFFAOYSA-M.WEJVAVJWAOLTIR-UHFFFAOYSA-N,O=[N+]([O-])c1ccccc1/C=C/c1ccccn1>>C[n+]1ccccc1CCc1ccccc1[N+](=O)[O-].Cc1ccc(S(=O)(=O)[O-])cc1,Scheme 2,1
acs.oprd.6b00231,OPRD-100,AWMVMTVKBNGEAK-QMMMGPOBSA-N.IOXOZOPLBFXYLM-UHFFFAOYSA-N>>GXTZAIGFWQRDSQ-INIZCTEOSA-N,NCCc1ccc([N+](=O)[O-])cc1.c1ccc([C@@H]2CO2)cc1>>O=[N+]([O-])c1ccc(CCNC[C@H](O)c2ccccc2)cc1,Scheme 1,1
acs.oprd.6b00231,OPRD-100,CBVMLUHTBIZQRL-IBGZPJMESA-N.DYCLHZPOADTVKK-UHFFFAOYSA-N>>FVQURKCOFMEJLM-QFIPXVFZSA-N,CC(C)(C)OC(=O)N(CCc1ccc(N)cc1)C[C@H](O)c1ccccc1.Nc1nc(CC(=O)O)cs1>>CC(C)(C)OC(=O)N(CCc1ccc(NC(=O)Cc2csc(N)n2)cc1)C[C@H](O)c1ccccc1,Scheme 1,1
acs.oprd.6b00231,OPRD-100,CBVMLUHTBIZQRL-IBGZPJMESA-N.DYCLHZPOADTVKK-UHFFFAOYSA-N>>PBAPPPCECJKMCM-IBGZPJMESA-N,CC(C)(C)OC(=O)N(CCc1ccc(N)cc1)C[C@H](O)c1ccccc1.Nc1nc(CC(=O)O)cs1>>Nc1nc(CC(=O)Nc2ccc(CCNC[C@H](O)c3ccccc3)cc2)cs1,Scheme 1,1
acs.oprd.6b00231,OPRD-100,CZXVZFSVMHLZMY-IBGZPJMESA-N>>CBVMLUHTBIZQRL-IBGZPJMESA-N,CC(C)(C)OC(=O)N(CCc1ccc([N+](=O)[O-])cc1)C[C@H](O)c1ccccc1>>CC(C)(C)OC(=O)N(CCc1ccc(N)cc1)C[C@H](O)c1ccccc1,Scheme 1,1
acs.oprd.6b00231,OPRD-100,DYCLHZPOADTVKK-UHFFFAOYSA-N.TUAHDMSPHZSMQN-INIZCTEOSA-N.VEXZGXHMUGYJMC-UHFFFAOYSA-N>>PBAPPPCECJKMCM-IBGZPJMESA-N,Nc1ccc(CCNC[C@H](O)c2ccccc2)cc1.Nc1nc(CC(=O)O)cs1.Cl>>Nc1nc(CC(=O)Nc2ccc(CCNC[C@H](O)c3ccccc3)cc2)cs1,Scheme 2,1
acs.oprd.6b00231,OPRD-100,FWDLHTBMGQEUDU-OGFXRTJISA-M>>YWGDTDSOHPHFAQ-OAHLLOKOSA-N,O=C(O[Na])[C@H](O)c1ccccc1>>O=C(NCCc1ccc([N+](=O)[O-])cc1)[C@H](O)c1ccccc1,"Experimental, Table 1",2
acs.oprd.6b00231,OPRD-100,GXTZAIGFWQRDSQ-INIZCTEOSA-N.VEXZGXHMUGYJMC-UHFFFAOYSA-N>>TUAHDMSPHZSMQN-INIZCTEOSA-N.VEXZGXHMUGYJMC-UHFFFAOYSA-N,O=[N+]([O-])c1ccc(CCNC[C@H](O)c2ccccc2)cc1.Cl>>Nc1ccc(CCNC[C@H](O)c2ccccc2)cc1.Cl,Scheme 2,1
acs.oprd.6b00231,OPRD-100,GXTZAIGFWQRDSQ-INIZCTEOSA-N>>CZXVZFSVMHLZMY-IBGZPJMESA-N,O=[N+]([O-])c1ccc(CCNC[C@H](O)c2ccccc2)cc1>>CC(C)(C)OC(=O)N(CCc1ccc([N+](=O)[O-])cc1)C[C@H](O)c1ccccc1,Scheme 1,1
acs.oprd.6b00231,OPRD-100,IOXOZOPLBFXYLM-UHFFFAOYSA-N.IWYDHOAUDWTVEP-SSDOTTSWSA-N.VEXZGXHMUGYJMC-UHFFFAOYSA-N>>YWGDTDSOHPHFAQ-OAHLLOKOSA-N,O=C(O)[C@H](O)c1ccccc1.NCCc1ccc([N+](=O)[O-])cc1.Cl>>O=C(NCCc1ccc([N+](=O)[O-])cc1)[C@H](O)c1ccccc1,Scheme 2,1
acs.oprd.6b00231,OPRD-100,IWYDHOAUDWTVEP-SSDOTTSWSA-N>>GXTZAIGFWQRDSQ-INIZCTEOSA-N.JRFRJFKXTWLDIS-UHFFFAOYSA-N,O=C([C@@H](c1ccccc1)O)O>>O[C@@H](CNCCc2ccc([N+]([O-])=O)cc2)c3ccccc3.O=[N+](c4ccc(CCNC(C(C)(C)C)=O)cc4)[O-],Experimental,1
acs.oprd.6b00231,OPRD-100,IWYDHOAUDWTVEP-SSDOTTSWSA-N>>JRFRJFKXTWLDIS-UHFFFAOYSA-N.YWGDTDSOHPHFAQ-OAHLLOKOSA-N,O=C(O)[C@H](O)c1ccccc1>>O=C(NCCc1ccc([N+](=O)[O-])cc1)[C@H](O)c1ccccc1.CC(C)(C)C(=O)NCCc1ccc([N+](=O)[O-])cc1,Table 2,1
acs.oprd.6b00231,OPRD-100,IWYDHOAUDWTVEP-SSDOTTSWSA-N>>YWGDTDSOHPHFAQ-OAHLLOKOSA-N,O=C(O)[C@H](O)c1ccccc1>>O=C(NCCc1ccc([N+](=O)[O-])cc1)[C@H](O)c1ccccc1,"Experimental, Scheme 3, Table 1",3
acs.oprd.6b00231,OPRD-100,YWGDTDSOHPHFAQ-OAHLLOKOSA-N>>GXTZAIGFWQRDSQ-INIZCTEOSA-N.VEXZGXHMUGYJMC-UHFFFAOYSA-N,O=C(NCCc1ccc([N+](=O)[O-])cc1)[C@H](O)c1ccccc1>>O=[N+]([O-])c1ccc(CCNC[C@H](O)c2ccccc2)cc1.Cl,Scheme 2,1
acs.oprd.5b00023,OPRD-100,BKCNDTDWDGQHSD-UHFFFAOYSA-N>>ZLJKQOWJEZSNBE-UHFFFAOYSA-N,CC(C)(C)SSC(C)(C)C>>CC(C)(C)S(=O)Cl,Scheme 1,1
acs.oprd.5b00023,OPRD-100,DRNGLYHKYPNTEA-UHFFFAOYSA-N>>FFKGMXGWLOPOAO-UHFFFAOYSA-N.VEXZGXHMUGYJMC-UHFFFAOYSA-N,NC1CCC(C(=O)O)CC1>>COC(=O)C1CCC(N)CC1.Cl,Scheme 1,1
acs.oprd.5b00023,OPRD-100,FFKGMXGWLOPOAO-UHFFFAOYSA-N.VEXZGXHMUGYJMC-UHFFFAOYSA-N.ZLJKQOWJEZSNBE-UHFFFAOYSA-N>>QPARQXSJVIELRF-UHFFFAOYSA-N,CC(C)(C)S(=O)Cl.COC(=O)C1CCC(N)CC1.Cl>>COC(=O)C1CCC(NS(=O)(=O)C(C)(C)C)CC1,Scheme 1,1
acs.oprd.5b00023,OPRD-100,RSGVKIIEIXOMPY-UHFFFAOYSA-N.YGQHGJMTFCIGEP-KYZUINATSA-N>>WGEWUYACXPEFPO-AULYBMBSSA-N,CC(C)(C)S(=O)(=O)N[C@H]1CC[C@H](C(=O)O)CC1.Nc1ccc(C(F)(F)F)cn1>>CC(C)(C)S(=O)(=O)N[C@H]1CC[C@H](C(=O)Nc2ccc(C(F)(F)F)cn2)CC1,Scheme 1,1
acs.oprd.5b00023,OPRD-100,VEXZGXHMUGYJMC-UHFFFAOYSA-N.WASRJUXSLHUONH-ZKCHVHJHSA-N.ZLJKQOWJEZSNBE-UHFFFAOYSA-N>>YGQHGJMTFCIGEP-KYZUINATSA-N,CC(C)(C)S(=O)Cl.CCOC(=O)[C@H]1CC[C@H](N)CC1.Cl>>CC(C)(C)S(=O)(=O)N[C@H]1CC[C@H](C(=O)O)CC1,Scheme 2,1
acs.oprd.5b00023,OPRD-100,VEXZGXHMUGYJMC-UHFFFAOYSA-N.WASRJUXSLHUONH-ZKCHVHJHSA-N>>YGQHGJMTFCIGEP-KYZUINATSA-N,CCOC(=O)[C@H]1CC[C@H](N)CC1.Cl>>CC(C)(C)S(=O)(=O)N[C@H]1CC[C@H](C(=O)O)CC1,Experimental,1
op050024w,OPRD-100,BJQJPTJDNINOMT-UHFFFAOYSA-N>>OCGTUTJXBDQGKL-UHFFFAOYSA-N,COC(=O)CC(c1ccccc1)c1cc(C)ccc1OC>>COc1ccc(C)cc1C(CCO)c1ccccc1,Scheme 1,1
op050024w,OPRD-100,BLIDVMJTVWLJLI-UHFFFAOYSA-N>>DKVFUIQWDZMTOU-UHFFFAOYSA-N,Cc1ccc(S(=O)(=O)OCCC(c2ccccc2)c2cc(C)ccc2OCc2ccccc2)cc1>>Cc1ccc(OCc2ccccc2)c(C(CCN(C(C)C)C(C)C)c2ccccc2)c1,"Experimental, Scheme 2",2
op050024w,OPRD-100,BLIDVMJTVWLJLI-UHFFFAOYSA-N>>TXEVLUGFSNIQDU-UHFFFAOYSA-N,Cc1ccc(S(=O)(=O)OCCC(c2ccccc2)c2cc(C)ccc2OCc2ccccc2)cc1>>Cc1ccc(OCc2ccccc2)c(C(CCNC(C)C)c2ccccc2)c1,Experimental,1
op050024w,OPRD-100,CCXFTVHDCYNKJH-UHFFFAOYSA-N>>OOGJQPCLVADCPB-UHFFFAOYSA-N,COc1ccc(C)cc1C(CCN(C(C)C)C(C)C)c1ccccc1>>Cc1ccc(O)c(C(CCN(C(C)C)C(C)C)c2ccccc2)c1,Scheme 1,1
op050024w,OPRD-100,DKVFUIQWDZMTOU-UHFFFAOYSA-N>>OOGJQPCLVADCPB-UHFFFAOYSA-N,Cc1ccc(OCc2ccccc2)c(C(CCN(C(C)C)C(C)C)c2ccccc2)c1>>Cc1ccc(O)c(C(CCN(C(C)C)C(C)C)c2ccccc2)c1,"Experimental, Scheme 2",2
op050024w,OPRD-100,OCGTUTJXBDQGKL-TXDDHSHZSA-N>>FIZAFHHVQRJZII-UHFFFAOYSA-N,[3H]OCCC(c1ccccc1)c1cc(C)ccc1OC>>CCN(CCC(c1ccccc1)c1cc(C)ccc1OC)C(C)C,Scheme 1,1
op050024w,OPRD-100,OCGTUTJXBDQGKL-UHFFFAOYSA-N>>OCGTUTJXBDQGKL-TXDDHSHZSA-N,COc1ccc(C)cc1C(CCO)c1ccccc1>>[3H]OCCC(c1ccccc1)c1cc(C)ccc1OC,Scheme 1,1
op050024w,OPRD-100,OOGJQPCLVADCPB-UHFFFAOYSA-N>>FEWJPZIEWOKRBE-JCYAYHJZSA-N.OOGJQPCLVADCPB-FQEVSTJZSA-N,Cc1ccc(O)c(C(CCN(C(C)C)C(C)C)c2ccccc2)c1>>O=C(O)[C@H](O)[C@@H](O)C(=O)O.Cc1ccc(O)c([C@@H](CCN(C(C)C)C(C)C)c2ccccc2)c1,"Scheme 1, Scheme 2",2
op050024w,OPRD-100,RKLIBBRRUITMAB-UHFFFAOYSA-N>>BLIDVMJTVWLJLI-UHFFFAOYSA-N,Cc1ccc(OCc2ccccc2)c(C(CCO)c2ccccc2)c1>>Cc1ccc(S(=O)(=O)OCCC(c2ccccc2)c2cc(C)ccc2OCc2ccccc2)cc1,"Experimental, Scheme 2",2
op050024w,OPRD-100,SUHIZPDCJOQZLN-UHFFFAOYSA-N>>BJQJPTJDNINOMT-UHFFFAOYSA-N,Cc1ccc2c(c1)C(c1ccccc1)CC(=O)O2>>COC(=O)CC(c1ccccc1)c1cc(C)ccc1OC,Scheme 1,1
op050024w,OPRD-100,SUHIZPDCJOQZLN-UHFFFAOYSA-N>>ZJDKQYZDWPKWNH-UHFFFAOYSA-N,Cc1ccc2c(c1)C(c1ccccc1)CC(=O)O2>>COC(=O)CC(c1ccccc1)c1cc(C)ccc1OCc1ccccc1,"Experimental, Scheme 2",2
op4000384,OPRD-100,CFMFGANUEMXVTA-ONEGZZNKSA-N>>VAVSCVJYAOHETD-ONEGZZNKSA-N,CCC(=O)/C=C/Cl>>CCC(O)/C=C/I,Experimental,1
op4000384,OPRD-100,CTKINSOISVBQLD-VKHMYHEASA-N>>XJZNWFNRDWWIEJ-QGZVFWFLSA-N,OC[C@H]1CO1>>CC[C@H](CO)O[Si](c1ccccc1)(c1ccccc1)C(C)(C)C,Scheme 2,1
op4000384,OPRD-100,QEAVLXRNDNAZSY-ONEGZZNKSA-N>>VAVSCVJYAOHETD-QLSVQJPWSA-N,CCC(=O)/C=C/I>>CC[C@@H](O)/C=C/I,"Table 1, entry 1, Table 1, entry 2, Table 1, entry 3, Table 1, entry 4, Table 1, entry 5, Table 2, entry 1, Table 2, entry 2, Table 2, entry 3, Table 2, entry 4, Table 2, entry 5, Table 2, entry 6, Table 2, entry 7, Table 2, entry 8",13
op4000384,OPRD-100,SZYLDCGKFSUERK-QGZVFWFLSA-N>>XUFPDLVTILYPPU-GOSISDBHSA-N,CC[C@H](C=O)O[Si](c1ccccc1)(c1ccccc1)C(C)(C)C>>CC[C@H](C=CI)O[Si](c1ccccc1)(c1ccccc1)C(C)(C)C,Scheme 2,1
op4000384,OPRD-100,VAVSCVJYAOHETD-BHYDHMSTSA-N.VAVSCVJYAOHETD-QLSVQJPWSA-N>>VAVSCVJYAOHETD-BHYDHMSTSA-N.VAVSCVJYAOHETD-QLSVQJPWSA-N.VUPNNMWQVBUGMU-KPJROHGDSA-N.VUPNNMWQVBUGMU-SMMXGFFBSA-N,CC[C@@H](O)/C=C/I.CC[C@H](O)/C=C/I>>CC[C@@H](O)/C=C/I.CC[C@H](O)/C=C/I.CC[C@H](/C=C/I)OC(C)=O.CC[C@@H](/C=C/I)OC(C)=O,"Table 3, entry 1, Table 3, entry 2, Table 3, entry 3, Table 3, entry 4, Table 3, entry 5, Table 4, entry 1, Table 4, entry 2, Table 4, entry 3, Table 4, entry 4, Table 4, entry 5, Table 5, entry 1, Table 5, entry 10, Table 5, entry 2, Table 5, entry 3, Table 5, entry 4, Table 5, entry 5, Table 5, entry 6, Table 5, entry 7, Table 5, entry 8, Table 5, entry 9",20
op4000384,OPRD-100,VAVSCVJYAOHETD-ONEGZZNKSA-N>>VUPNNMWQVBUGMU-SMMXGFFBSA-N,CCC(O)/C=C/I>>CC[C@H](/C=C/I)OC(C)=O,Experimental,1
op4000384,OPRD-100,VAVSCVJYAOHETD-QLSVQJPWSA-N>>MHQWKCPSFOYFQM-AAXQSMANSA-N,CC[C@@H](O)/C=C/I>>CC[C@H](/C=C/I)O[Si](C)(C)C(C)(C)C,Experimental,1
acs.oprd.3c00507,OPRD-100,CYWBYEFNRVGOPD-NSCUHMNNSA-N.MTJNOKCVDGUTKR-ZETCQYMHSA-N>>FVXKCIKILKBMSS-VQCXBBAWSA-N,CS/C=C/C(=O)Cl.C[C@H](NCc1cc(Br)co1)C1CC1>>C[C@@H](C1CC1)N1C[C@@]23C=C(Br)[C@@H](O2)[C@H](Br)[C@H]3C1=O,Scheme 3,1
acs.oprd.3c00507,OPRD-100,FVXKCIKILKBMSS-VQCXBBAWSA-N>>UXGXAXJDXPTXSB-ZETCQYMHSA-N,C[C@@H](C1CC1)N1C[C@@]23C=C(Br)[C@@H](O2)[C@H](Br)[C@H]3C1=O>>C[C@@H](C1CC1)N1Cc2cc(Br)c(O)cc2C1=O,Scheme 3,1
acs.oprd.3c00507,OPRD-100,FXYJLCJQAXHGRF-UHFFFAOYSA-N.IXCXVGWKYIDNOS-BYPYZUCNSA-N>>YPKRWEFWOSRVHE-VIFPVBQESA-N,C[Si](C)(C)c1oc(C=O)cc1Br.C[C@H](N)C1CC1>>C[C@H](NCc1cc(Br)c([Si](C)(C)C)o1)C1CC1,Scheme 5,1
acs.oprd.3c00507,OPRD-100,KUKIFRWOPQFZKI-IHWYPQMZSA-N.NPJHLYBKEYDQFH-QMMMGPOBSA-N>>JSEGMLOQPJXXBU-RVGYVBQKSA-N,CS(=O)(=O)/C=C\C(=O)O.C[C@H](NCC1=CC(Br)=CC1)C1CC1>>C[C@@H](C1CC1)N1CC23C=C(Br)C(O2)C(S(C)(=O)=O)C3C1=O,Experimental,1
acs.oprd.3c00507,OPRD-100,KUKIFRWOPQFZKI-IHWYPQMZSA-N.YPKRWEFWOSRVHE-VIFPVBQESA-N>>JSEGMLOQPJXXBU-RVGYVBQKSA-N,C[C@H](NCc1cc(Br)c([Si](C)(C)C)o1)C1CC1.CS(=O)(=O)/C=C\C(=O)O>>C[C@@H](C1CC1)N1CC23C=C(Br)C(O2)C(S(C)(=O)=O)C3C1=O,Scheme 5,1
acs.oprd.3c00507,OPRD-100,KUKIFRWOPQFZKI-NSCUHMNNSA-N.NPJHLYBKEYDQFH-QMMMGPOBSA-N>>JSEGMLOQPJXXBU-RVGYVBQKSA-N,CS(=O)(=O)/C=C/C(=O)O.C[C@H](NCC1=CC(Br)=CC1)C1CC1>>C[C@@H](C1CC1)N1CC23C=C(Br)C(O2)C(S(C)(=O)=O)C3C1=O,Experimental,1
acs.oprd.3c00507,OPRD-100,KUKIFRWOPQFZKI-NSCUHMNNSA-N.YPKRWEFWOSRVHE-VIFPVBQESA-N>>JSEGMLOQPJXXBU-RVGYVBQKSA-N,CS(=O)(=O)/C=C/C(=O)O.C[C@H](NCc1cc(Br)c([Si](C)(C)C)o1)C1CC1>>C[C@@H](C1CC1)N1CC23C=C(Br)C(O2)C(S(C)(=O)=O)C3C1=O,Scheme 5,1
acs.oprd.3c00507,OPRD-100,LXWLEQZDXOQZGW-UHFFFAOYSA-N>>FXYJLCJQAXHGRF-UHFFFAOYSA-N,Brc1ccoc1>>C[Si](C)(C)c1oc(C=O)cc1Br,"Scheme 5, Table 2",2
acs.oprd.3c00507,OPRD-100,LXWLEQZDXOQZGW-UHFFFAOYSA-N>>FXYJLCJQAXHGRF-UHFFFAOYSA-N.JNLFCDPWSPYJPO-UHFFFAOYSA-N,Brc1ccoc1>>C[Si](C)(C)c1oc(C=O)cc1Br.C[Si](C)(C)c1cc(Br)c([Si](C)(C)C)o1,"Experimental, Table 2",2
acs.oprd.3c00507,OPRD-100,MTJNOKCVDGUTKR-ZETCQYMHSA-O.VEXZGXHMUGYJMC-UHFFFAOYSA-M>>JSEGMLOQPJXXBU-RVGYVBQKSA-N,C[C@H]([NH2+]Cc1cc(Br)co1)C1CC1.[Cl-]>>C[C@@H](C1CC1)N1CC23C=C(Br)C(O2)C(S(C)(=O)=O)C3C1=O,Scheme 2,1
acs.oprd.3c00507,OPRD-100,OQYPGQSDSUQZBM-UPHRSURJSA-N>>RCZLOQQOUWHMIS-IHWYPQMZSA-N,N#CS/C=C\C(=O)O>>CS/C=C\C(=O)O,"Experimental, Scheme 4",2
acs.oprd.3c00507,OPRD-100,OQYPGQSDSUQZBM-UPHRSURJSA-N>>RCZLOQQOUWHMIS-NSCUHMNNSA-N,N#CS/C=C\C(=O)O>>CS/C=C/C(=O)O.,Scheme 4,1
acs.oprd.3c00507,OPRD-100,RCZLOQQOUWHMIS-IHWYPQMZSA-N.RCZLOQQOUWHMIS-NSCUHMNNSA-N>>KUKIFRWOPQFZKI-IHWYPQMZSA-N,CS/C=C/C(=O)O.CS/C=C\C(=O)O>>CS(=O)(=O)/C=C\C(=O)O,Scheme 4,1
acs.oprd.3c00507,OPRD-100,RCZLOQQOUWHMIS-IHWYPQMZSA-N>>KUKIFRWOPQFZKI-NSCUHMNNSA-N,CS/C=C\C(=O)O>>CS(=O)(=O)/C=C/C(=O)O,Experimental,1
acs.oprd.3c00507,OPRD-100,RCZLOQQOUWHMIS-NSCUHMNNSA-N>>OQYPGQSDSUQZBM-UPHRSURJSA-N,CS/C=C/C(=O)O>>N#CS/C=C\C(=O)O,Experimental,1
acs.oprd.3c00507,OPRD-100,UORVCLMRJXCDCP-UHFFFAOYSA-N>>OQYPGQSDSUQZBM-UPHRSURJSA-N,C#CC(=O)O>>N#CS/C=C\C(=O)O,Scheme 4,1
acs.oprd.3c00507,OPRD-100,ZMYAKSMZTVWUJB-UHFFFAOYSA-N>>NEWJTMRGYKBXMK-NSCUHMNNSA-N,O=C(O)C(Br)CBr>>CS(=O)(=O)/C=C/C(=O)Cl,Scheme 2,1
acs.oprd.3c00087,OPRD-100,QMOWRNGLGDZHAF-UHFFFAOYSA-N>>NPYLAQOEYDMMJT-UHFFFAOYSA-N,FC(F)SCc1ccccc1>>O=S(=O)(SC(F)F)c1ccccc1,"Experimental, Figure 3, Table 2",3
acs.oprd.3c00087,OPRD-100,UENWRTRMUIOCKN-UHFFFAOYSA-N>>QMOWRNGLGDZHAF-UHFFFAOYSA-N,SCc1ccccc1>>FC(F)SCc1ccccc1,"Experimental, Figure 1, Table 1",3
acs.oprd.3c00056,OPRD-100,AQURFXLIZXOCLU-UHFFFAOYSA-O.KTMGNAIGXYODKQ-VOTSOKGWSA-N.VEXZGXHMUGYJMC-UHFFFAOYSA-M>>BUDSDMNAGPWSFE-UHFFFAOYSA-N,CCO/C=C(\C#N)C(=O)OCC.COc1ccc(CN[NH3+])cc1.[Cl-]>>CCOC(=O)c1cnn(-c2ccc(OC)cc2)c1N,Scheme 3,1
acs.oprd.3c00056,OPRD-100,BUDSDMNAGPWSFE-UHFFFAOYSA-N>>FZNBWLGOSRLBBH-UHFFFAOYSA-N,CCOC(=O)c1cnn(-c2ccc(OC)cc2)c1N>>COc1ccc(-n2ncc3c(O)cc(O)nc32)cc1,Scheme 3,1
acs.oprd.3c00056,OPRD-100,BUDSDMNAGPWSFE-UHFFFAOYSA-N>>LQSYMXVVGAYEOO-UHFFFAOYSA-N,CCOC(=O)c1cnn(-c2ccc(OC)cc2)c1N>>CCOC(=O)C1C(=O)Nc2c(cnn2-c2ccc(OC)cc2)C1=O,Table 1,1
acs.oprd.3c00056,OPRD-100,CQIMWAJPUUIAJB-UHFFFAOYSA-N>>KBMYBHMAMVXIQL-UHFFFAOYSA-N,COc1ccc(-n2ncc3c(Cl)cc(Cl)nc32)cc1>>Clc1cc(Cl)c2cn[nH]c2n1,Scheme 3,1
acs.oprd.3c00056,OPRD-100,FZNBWLGOSRLBBH-UHFFFAOYSA-N>>CQIMWAJPUUIAJB-UHFFFAOYSA-N,COc1ccc(-n2ncc3c(O)cc(O)nc32)cc1>>COc1ccc(-n2ncc3c(Cl)cc(Cl)nc32)cc1,Scheme 3,1
acs.oprd.3c00056,OPRD-100,FZNBWLGOSRLBBH-UHFFFAOYSA-N>>CQIMWAJPUUIAJB-UHFFFAOYSA-N.KBMYBHMAMVXIQL-UHFFFAOYSA-N,COc1ccc(-n2ncc3c(O)cc(O)nc32)cc1>>Clc1cc(Cl)c2cn[nH]c2n1.COc1ccc(-n2ncc3c(Cl)cc(Cl)nc32)cc1,Table 3,1
acs.oprd.3c00056,OPRD-100,GXHFUVWIGNLZSC-UHFFFAOYSA-N.ZJKQCWSQSIFTTQ-UHFFFAOYSA-N>>JANFFPLNOJIDFX-UHFFFAOYSA-N,COc1ccc(-n2nccc2N)cc1.CC1(C)OC(=O)CC(=O)O1>>COc1ccc(-n2nccc2N=C2C(=O)OC(C)(C)OC2=O)cc1,Scheme 1,1
acs.oprd.3c00056,OPRD-100,JANFFPLNOJIDFX-UHFFFAOYSA-N>>ZPABYHRIWLJFCQ-UHFFFAOYSA-N,COc1ccc(-n2nccc2N=C2C(=O)OC(C)(C)OC2=O)cc1>>COc1ccc(-n2ncc3c(O)ccnc32)cc1,Scheme 1,1
acs.oprd.3c00056,OPRD-100,LQSYMXVVGAYEOO-UHFFFAOYSA-N>>FZNBWLGOSRLBBH-UHFFFAOYSA-N,CCOC(=O)C1C(=O)Nc2c(cnn2-c2ccc(OC)cc2)C1=O>>COc1ccc(-n2ncc3c(O)cc(O)nc32)cc1,Table 2,1
acs.oprd.3c00056,OPRD-100,MIAZTHGDTRHMFB-UHFFFAOYSA-N>>AKWQSKVILVJWPC-UHFFFAOYSA-N,COc1ccc(-n2ncc3c(Cl)ccnc32)cc1>>Clc1ccnc2[nH]ncc12,Scheme 1,1
acs.oprd.3c00056,OPRD-100,NLHHRLWOUZZQLW-UHFFFAOYSA-N.ZRSNZINYAWTAHE-UHFFFAOYSA-N>>ZJKQCWSQSIFTTQ-UHFFFAOYSA-N,C=CC#N.COc1ccc(C=O)cc1>>COc1ccc(-n2nccc2N)cc1,Scheme 1,1
acs.oprd.3c00056,OPRD-100,ZPABYHRIWLJFCQ-UHFFFAOYSA-N>>MIAZTHGDTRHMFB-UHFFFAOYSA-N,COc1ccc(-n2ncc3c(O)ccnc32)cc1>>COc1ccc(-n2ncc3c(Cl)ccnc32)cc1,Scheme 1,1
acs.oprd.2c00132,OPRD-100,QAOWNCQODCNURD-UHFFFAOYSA-M.VEQOALNAAJBPNY-UHFFFAOYSA-O>>IEODZSWSXNQPQL-UHFFFAOYSA-N,CC1=CC(=O)N(c2ccccc2)[NH+]1C.O=S(=O)([O-])O>>Cc1c(N=O)c(=O)n(-c2ccccc2)n1C,"Figure 1 and Table 1, Figure 2 AND Table 2 AND Table 3 AND Experimental",2
acs.oprd.6b00207,OPRD-100,NIDGAHURPWFSKR-UHFFFAOYSA-N>>NIDGAHURPWFSKR-ZDUSSCGKSA-N.ZYJPUMXJBDHSIF-LLVKDONJSA-N,NC1C(=O)Nc2ccccc2-c2ccccc21>>N[C@@H]1C(=O)Nc2ccccc2-c2ccccc21.CC(C)(C)OC(=O)N[C@H](Cc1ccccc1)C(=O)O,"Experimental, Scheme 3",2
acs.oprd.6b00207,OPRD-100,NIDGAHURPWFSKR-ZDUSSCGKSA-N.ZYJPUMXJBDHSIF-UHFFFAOYSA-N>>NIDGAHURPWFSKR-ZDUSSCGKSA-N,N[C@@H]1C(=O)Nc2ccccc2-c2ccccc21.CC(C)(OC(NC(C(O)=O)Cc1ccccc1)=O)C>>N[C@@H]1C(=O)Nc2ccccc2-c2ccccc21,Experimental,1
acs.oprd.6b00207,OPRD-100,XENVIBFIIPSBJW-UHFFFAOYSA-N>>NPBLJPDYDRHLLS-UHFFFAOYSA-N,O=C1Cc2ccccc2-c2ccccc2N1>>COc1ccc(CN2C(=O)Cc3ccccc3-c3ccccc32)cc1,Scheme 1,1
op034060b,OPRD-100,AKXQIHQVZDCBJY-UHFFFAOYSA-N>>HPYSKHIIJMHBFN-XDOYNYLZSA-N,CC(=O)C(Br)CC(C)C>>C/C(=C/CC(C)C)OP(Br)(c1ccccc1)(c1ccccc1)c1ccccc1,Scheme 4,1
op034060b,OPRD-100,FFWSICBKRCICMR-UHFFFAOYSA-N>>AKXQIHQVZDCBJY-UHFFFAOYSA-N.LAIOKBCBCQXLNI-UHFFFAOYSA-N,CC(=O)CCC(C)C>>CC(C)CCC(=O)CBr.CC(=O)C(Br)CC(C)C,Scheme 4,1
op034060b,OPRD-100,FFWSICBKRCICMR-UHFFFAOYSA-N>>LAIOKBCBCQXLNI-UHFFFAOYSA-N,CC(=O)CCC(C)C>>CC(C)CCC(=O)CBr,Experimental,1
op034060b,OPRD-100,HDUMCNWGBPZGSP-UHFFFAOYSA-N>>XOZDDCDGCQEDRC-UHFFFAOYSA-N,O=C1c2ccccc2C(=O)N1c1ccc2ccc(O)nc2n1>>O=C1c2ccccc2C(=O)N1c1ccc2ccc(Cl)nc2n1,"Experimental, Scheme 3",2
op034060b,OPRD-100,MGRYQDGXHUMZKH-UHFFFAOYSA-N>>HIUPRQPBWVEQJJ-UHFFFAOYSA-N,CC(CCC(CC(c1c(C(O)=O)cccc1)Nc(cc2)nc3c2ccc(Cl)n3)=O)C>>CC(CCC(CC4c5c(C(N4c(cc6)nc7c6ccc(Cl)n7)=O)cccc5)=O)C,"Experimental, Scheme 8",2
op034060b,OPRD-100,NSPQTGOJGZXAJM-UHFFFAOYSA-N.QAOWNCQODCNURD-UHFFFAOYSA-N>>HDUMCNWGBPZGSP-UHFFFAOYSA-N,Nc1ccc2ccc(O)nc2n1.O=S(=O)(O)O>>O=C1c2ccccc2C(=O)N1c1ccc2ccc(O)nc2n1,"Experimental, Scheme 3",2
op034060b,OPRD-100,VHNQIURBCCNWDN-UHFFFAOYSA-N.VKNUORWMCINMRB-UHFFFAOYSA-N>>NSPQTGOJGZXAJM-UHFFFAOYSA-N.QAOWNCQODCNURD-UHFFFAOYSA-N,Nc1cccc(N)n1.CCOC(=O)CC(O)C(=O)OCC>>Nc1ccc2ccc(O)nc2n1.O=S(=O)(O)O,Scheme 3,1
op034060b,OPRD-100,VHNQIURBCCNWDN-UHFFFAOYSA-N>>NSPQTGOJGZXAJM-UHFFFAOYSA-N.QAOWNCQODCNURD-UHFFFAOYSA-N,Nc1cccc(N)n1>>Nc1ccc2ccc(O)nc2n1.O=S(=O)(O)O,Experimental,1
op034060b,OPRD-100,WZHNNRCCJWEUMU-UHFFFAOYSA-N>>HIUPRQPBWVEQJJ-UHFFFAOYSA-N,O=C1c2ccccc2C(Cl)N1c1ccc2ccc(Cl)nc2n1>>CC(C)CCC(=O)CC1c2ccccc2C(=O)N1c1ccc2ccc(Cl)nc2n1,Scheme 1,1
op034060b,OPRD-100,WZHNNRCCJWEUMU-UHFFFAOYSA-N>>WZHNNRCCJWEUMU-UHFFFAOYSA-N,O=C1c2ccccc2C(Cl)N1c1ccc2ccc(Cl)nc2n1>>O=C1c2ccccc2C(Cl)N1c1ccc2ccc(Cl)nc2n1,Scheme 1,1
acs.oprd.1c00312,OPRD-100,FQNUZYOYCLFZHV-WOJBJXKFSA-N>>DTQVDTLACAAQTR-UHFFFAOYSA-M.FQNUZYOYCLFZHV-WOJBJXKFSA-O,F[C@@H]1CCCC[C@H]1N(Cc1ccccc1)Cc1ccccc1>>F[C@@H]1CCCC[C@H]1[NH+](Cc1ccccc1)Cc1ccccc1.O=C([O-])C(F)(F)F,Figure 3,1
acs.oprd.1c00312,OPRD-100,UNNYBIVZZRGKDV-WOJBJXKFSA-N>>FQNUZYOYCLFZHV-WOJBJXKFSA-N,Br[C@@H]1CCCC[C@H]1N(Cc1ccccc1)Cc1ccccc1>>F[C@@H]1CCCC[C@H]1N(Cc1ccccc1)Cc1ccccc1,"Experimental, Figure 2, Figure 3, Table 1, Table 2, Table 3, Table 4",7
acs.oprd.4c00243,OPRD-100,DKQPXAWBVGCNHG-UHFFFAOYSA-N>>BBBOJYQIBVLTFO-UHFFFAOYSA-N.CBTAIOOTRCAMBD-UHFFFAOYSA-N.DQKSQWJTMAVUFZ-UHFFFAOYSA-N,FP1(F)=NP(F)(F)=NP(F)(F)=N1>>CCOP1(F)=NP(F)(F)=NP(F)(F)=N1.CCOP1(F)=NP(F)(F)=NP(F)(OCC)=N1.CCOP1(F)=NP(F)(F)=NP(OCC)(OCC)=N1,Scheme 4 AND Table 2,1
acs.oprd.4c00243,OPRD-100,DKQPXAWBVGCNHG-UHFFFAOYSA-N>>CBTAIOOTRCAMBD-UHFFFAOYSA-N,FP1(F)=NP(F)(F)=NP(F)(F)=N1>>CCOP1(F)=NP(F)(F)=NP(F)(F)=N1,Experimental,1
acs.oprd.4c00243,OPRD-100,UBIJTWDKTYCPMQ-UHFFFAOYSA-N>>DKQPXAWBVGCNHG-UHFFFAOYSA-N,ClP1(Cl)=NP(Cl)(Cl)=NP(Cl)(Cl)=N1>>FP1(F)=NP(F)(F)=NP(F)(F)=N1,"Experimental, Table 1",2
acs.oprd.4c00319,OPRD-100,BLFLLBZGZJTVJG-UHFFFAOYSA-N.JUYUYCIJACTHMK-UHFFFAOYSA-N>>MDMNZEBGJJCHGP-UHFFFAOYSA-N,O=S(=O)(Cl)c1cccc2cccnc12.CCOC(=O)c1ccc(N)cc1>>CCOC(=O)c1ccc(NS(=O)(=O)c2cccc3cccnc23)cc1,"Scheme 1, Scheme 2",2
acs.oprd.4c00319,OPRD-100,CWXPZXBSDSIRCS-UHFFFAOYSA-N.NBQVTLMGAPBCJA-UHFFFAOYSA-N>>OBKRBRCAGDWUMH-UHFFFAOYSA-N,O=C(O)c1ccc(NS(=O)(=O)c2cccc3cccnc23)cc1.CC(C)(C)OC(=O)N1CCNCC1>>CC(C)(C)OC(=O)N1CCN(C(=O)c2ccc(NS(=O)(=O)c3cccc4cccnc34)cc2)CC1,Scheme 1,1
acs.oprd.4c00319,OPRD-100,CWXPZXBSDSIRCS-UHFFFAOYSA-N.OTLNPYWUJOZPPA-UHFFFAOYSA-N>>KZZNCJHPWZZHEZ-UHFFFAOYSA-N.XHGPWZQBCGONPX-UHFFFAOYSA-N,O=C(O)c1ccc([N+](=O)[O-])cc1.CC(C)(C)OC(=O)N1CCNCC1>>CC(C)(C)OC(=O)N1CCN(C(=O)c2ccc([N+](=O)[O-])cc2)CC1.O=C(c1ccc([N+](=O)[O-])cc1)N1CCN(C(=O)c2ccc([N+](=O)[O-])cc2)CC1,Table 1 AND Scheme 4,1
acs.oprd.4c00319,OPRD-100,CWXPZXBSDSIRCS-UHFFFAOYSA-N.OTLNPYWUJOZPPA-UHFFFAOYSA-N>>XHGPWZQBCGONPX-UHFFFAOYSA-N,O=C(O)c1ccc([N+](=O)[O-])cc1.CC(C)(C)OC(=O)N1CCNCC1>>CC(C)(C)OC(=O)N1CCN(C(=O)c2ccc([N+](=O)[O-])cc2)CC1,Scheme 4,1
acs.oprd.4c00319,OPRD-100,IVLIBVDZIYFXBZ-UHFFFAOYSA-N.NBQVTLMGAPBCJA-UHFFFAOYSA-N>>XAYGBKHKBBXDAK-UHFFFAOYSA-N,O=C(O)c1ccc(NS(=O)(=O)c2cccc3cccnc23)cc1.C1CN(CC2CC2)CCN1>>O=C(c1ccc(NS(=O)(=O)c2cccc3cccnc23)cc1)N1CCN(CC2CC2)CC1,Scheme 2,1
acs.oprd.4c00319,OPRD-100,JUYUYCIJACTHMK-UHFFFAOYSA-N.PCJKGZGOTDJFBX-UHFFFAOYSA-N>>RVGADWBBGNTVBK-UHFFFAOYSA-N,CC(C)(C)OC(=O)N1CCN(C(=O)c2ccc(N)cc2)CC1.O=S(=O)(Cl)c1cccc2cccnc12>>O=C(c1ccc(NS(=O)(=O)c2cccc3cccnc23)cc1)N1CCNCC1,Experimental,1
acs.oprd.4c00319,OPRD-100,MDMNZEBGJJCHGP-UHFFFAOYSA-N>>NBQVTLMGAPBCJA-UHFFFAOYSA-N,CCOC(=O)c1ccc(NS(=O)(=O)c2cccc3cccnc23)cc1>>O=C(O)c1ccc(NS(=O)(=O)c2cccc3cccnc23)cc1,"Scheme 1, Scheme 2",2
acs.oprd.4c00319,OPRD-100,RVGADWBBGNTVBK-UHFFFAOYSA-N>>XAYGBKHKBBXDAK-UHFFFAOYSA-N,O=C(c1ccc(NS(=O)(=O)c2cccc3cccnc23)cc1)N1CCNCC1>>O=C(c1ccc(NS(=O)(=O)c2cccc3cccnc23)cc1)N1CCN(CC2CC2)CC1,"Experimental, Scheme 1, Scheme 4, Table 5 AND Scheme 4",4
acs.oprd.4c00319,OPRD-100,XAYGBKHKBBXDAK-UHFFFAOYSA-N>>QAOWNCQODCNURD-UHFFFAOYSA-N.XAYGBKHKBBXDAK-UHFFFAOYSA-N.XAYGBKHKBBXDAK-UHFFFAOYSA-N.XLYOFNOQVPJJNP-UHFFFAOYSA-N.XLYOFNOQVPJJNP-UHFFFAOYSA-N.XLYOFNOQVPJJNP-UHFFFAOYSA-N,O=C(c1ccc(NS(=O)(=O)c2cccc3cccnc23)cc1)N1CCN(CC2CC2)CC1>>O=C(c1ccc(NS(=O)(=O)c2cccc3cccnc23)cc1)N1CCN(CC2CC2)CC1.O=C(c1ccc(NS(=O)(=O)c2cccc3cccnc23)cc1)N1CCN(CC2CC2)CC1.O=S(=O)(O)O.O.O.O,Experimental,1
acs.oprd.5b00007,OPRD-100,HPJMACSDUORKRV-UHFFFAOYSA-N>>JEHUUIUSUGPXRN-UHFFFAOYSA-N,CSCc1ccc(C(F)(F)F)nc1>>C/S(Cc1ccc(C(F)(F)F)nc1)=N\C#N,Scheme 1,1
acs.oprd.5b00007,OPRD-100,JEHUUIUSUGPXRN-UHFFFAOYSA-N>>XMEGDAGGGYFBNY-UHFFFAOYSA-N,C/S(Cc1ccc(C(F)(F)F)nc1)=N\C#N>>CS(=O)(Cc1ccc(C(F)(F)F)nc1)=NC#N,Scheme 1,1
acs.oprd.5b00007,OPRD-100,LSGZGFUQRGHSSU-UHFFFAOYSA-N.YKYIFUROKBDHCY-UHFFFAOYSA-N>>MFCVYEGAXMGIOG-UHFFFAOYSA-N.NGPCQVZAFDWNQL-UHFFFAOYSA-N,CSC(C=CN1CCCC1)C.CCOC=CC(C(F)(F)F)=O>>CSC(c2cnc(C(F)(F)F)cc2)C.O=C(C(F)(F)F)C=CN3CCCC3,Scheme 3,1
acs.oprd.5b00007,OPRD-100,NGPCQVZAFDWNQL-UHFFFAOYSA-N>>OWGYCXXXFUULRH-UHFFFAOYSA-N,CSC(c1cnc(C(F)(F)F)cc1)C>>CC(/S(C)=N/C#N)c2cnc(C(F)(F)F)cc2,"Experimental, Scheme 4, Scheme 5",3
acs.oprd.5b00007,OPRD-100,NGPCQVZAFDWNQL-UHFFFAOYSA-N>>VVBMTQPMVKAFQB-UHFFFAOYSA-N,CSC(C)c1ccc(C(F)(F)F)nc1>>CC(c1ccc(C(F)(F)F)nc1)[S+](C)[O-],Scheme 5,1
acs.oprd.5b00007,OPRD-100,PRPAYPBERKUDKO-UHFFFAOYSA-N>>HPJMACSDUORKRV-UHFFFAOYSA-N,FC(F)(F)c1ccc(CCl)cn1>>CSCc1ccc(C(F)(F)F)nc1,Scheme 1,1
acs.oprd.5b00007,OPRD-100,XMEGDAGGGYFBNY-UHFFFAOYSA-N>>ZVQOOHYFBIDMTQ-UHFFFAOYSA-N,CS(=O)(Cc1ccc(C(F)(F)F)nc1)=NC#N>>CC(c1ccc(C(F)(F)F)nc1)S(C)(=O)=NC#N,Scheme 1,1
acs.oprd.5b00027,OPRD-100,CBMTWQVOOWMNQX-UHFFFAOYSA-N>>CCKKZUUXAAEVRO-UHFFFAOYSA-N,CC(C)(C)OC(=O)N1CCN(c2cccc3sc(C(=O)O)cc23)CC1>>CC(C)(C)OC(=O)N1CCN(c2cccc3sccc23)CC1,"Experimental, Scheme 2",2
acs.oprd.5b00027,OPRD-100,CCKKZUUXAAEVRO-UHFFFAOYSA-N>>VEXZGXHMUGYJMC-UHFFFAOYSA-N.VEXZGXHMUGYJMC-UHFFFAOYSA-N.VMIRJNDPLCQEHB-UHFFFAOYSA-N,CC(C)(C)OC(=O)N1CCN(c2cccc3sccc23)CC1>>c1cc(N2CCNCC2)c2ccsc2c1.Cl.Cl,Scheme 2,1
acs.oprd.5b00027,OPRD-100,CWXPZXBSDSIRCS-UHFFFAOYSA-N.OACPOWYLLGHGCR-UHFFFAOYSA-N>>RYFTYNYYMOYXHE-UHFFFAOYSA-N,CC(C)(C)OC(=O)N1CCNCC1.O=Cc1c(F)cccc1Cl>>CC(C)(C)OC(=O)N1CCN(c2cccc(Cl)c2C=O)CC1,"Experimental, Scheme 2",2
acs.oprd.5b00027,OPRD-100,CWXPZXBSDSIRCS-UHFFFAOYSA-N.QPBSEYFVZDMBFW-UHFFFAOYSA-N>>CCKKZUUXAAEVRO-UHFFFAOYSA-N,Brc1cccc2sccc12.CC(C)(C)OC(=O)N1CCNCC1>>CC(C)(C)OC(=O)N1CCN(c2cccc3sccc23)CC1,Scheme 1,1
acs.oprd.5b00027,OPRD-100,QPBSEYFVZDMBFW-UHFFFAOYSA-N>>VMIRJNDPLCQEHB-UHFFFAOYSA-N,Brc1cccc2sccc12>>c1cc(N2CCNCC2)c2ccsc2c1,Scheme 1,1
acs.oprd.5b00027,OPRD-100,RYFTYNYYMOYXHE-UHFFFAOYSA-N>>ZLQNJKNOTXUHIP-UHFFFAOYSA-N,CC(C)(C)OC(=O)N1CCN(c2cccc(Cl)c2C=O)CC1>>CCOC(=O)c1cc2c(N3CCN(C(=O)OC(C)(C)C)CC3)cccc2s1,Scheme 2,1
acs.oprd.5b00027,OPRD-100,YDYNSAUGVGAOLO-UHFFFAOYSA-N>>LAYNZUFIYSYHIV-UHFFFAOYSA-N,O=Cc1c(Br)cccc1Br>>O=C(O)c1cc2c(Br)cccc2s1,Scheme 1,1
acs.oprd.6b00108,OPRD-100,GEYOCULIXLDCMW-UHFFFAOYSA-N>>MTVYCJRTXNTIGS-UHFFFAOYSA-N,Nc1ccccc1N>>C=C(c1ccccc1)n1c(=O)[nH]c2ccccc21,Scheme 1,1
acs.oprd.6b00108,OPRD-100,GEYOCULIXLDCMW-UHFFFAOYSA-N>>XFASJWLBXHWUMW-UHFFFAOYSA-N,Nc1ccccc1N>>C=C(C)n1c(=O)[nH]c2ccccc21,"Experimental, Scheme 2",2
acs.oprd.6b00108,OPRD-100,GEYOCULIXLDCMW-UHFFFAOYSA-N>>XWXQEBMBBDIGOQ-UHFFFAOYSA-N,Nc1ccccc1N>>CCOc1nc2ccccc2[nH]1,"Experimental, Scheme 3",2
acs.oprd.6b00108,OPRD-100,IMIIUVRFSBDLMT-UHFFFAOYSA-N.JIWHIRLNKIUYSM-UHFFFAOYSA-N.VEXZGXHMUGYJMC-UHFFFAOYSA-N>>RYUNCYPSCKUVIW-UHFFFAOYSA-N,Cc1cccc(N2CCNCC2)c1.CCOc1nc2ccccc2n1CCCl.Cl>>CCOc1nc2ccccc2n1CCN1CCN(c2cccc(C(F)(F)F)c2)CC1,Scheme 3,1
acs.oprd.6b00108,OPRD-100,IMIIUVRFSBDLMT-UHFFFAOYSA-N.KKIMDKMETPPURN-UHFFFAOYSA-N>>PPRRDFIXUUSXRA-UHFFFAOYSA-N,FC(F)(F)c1cccc(N2CCNCC2)c1.CCOc1nc2ccccc2n1CCCl>>O=c1[nH]c2ccccc2n1CCN1CCN(c2cccc(C(F)(F)F)c2)CC1,Experimental,1
acs.oprd.6b00108,OPRD-100,MTVYCJRTXNTIGS-UHFFFAOYSA-N>>NIPSDFLVPSDHCZ-UHFFFAOYSA-N,C=C(c1ccccc1)n1c(=O)[nH]c2ccccc21>>C=C(c1ccccc1)n1c(=O)n(CCCl)c2ccccc21,Scheme 1,1
acs.oprd.6b00108,OPRD-100,NIPSDFLVPSDHCZ-UHFFFAOYSA-N>>SFTJKCPNRHYWEO-UHFFFAOYSA-N,C=C(c1ccccc1)n1c(=O)n(CCCl)c2ccccc21>>O=c1[nH]c2ccccc2n1CCCl,Scheme 1,1
acs.oprd.6b00108,OPRD-100,RYUNCYPSCKUVIW-UHFFFAOYSA-N>>PPRRDFIXUUSXRA-UHFFFAOYSA-N,CCOc1nc2ccccc2n1CCN1CCN(c2cccc(C(F)(F)F)c2)CC1>>O=c1[nH]c2ccccc2n1CCN1CCN(c2cccc(C(F)(F)F)c2)CC1,"Experimental, Scheme 3",2
acs.oprd.6b00108,OPRD-100,SFTJKCPNRHYWEO-UHFFFAOYSA-N>>PPRRDFIXUUSXRA-UHFFFAOYSA-N,O=c1[nH]c2ccccc2n1CCCl>>O=c1[nH]c2ccccc2n1CCN1CCN(c2cccc(C(F)(F)F)c2)CC1,Scheme 1,1
acs.oprd.6b00108,OPRD-100,XFASJWLBXHWUMW-UHFFFAOYSA-N>>QCRQZWFIRIIWPW-UHFFFAOYSA-N,C=C(C)n1c(=O)[nH]c2ccccc21>>C=C(C)n1c(=O)n(CCBr)c2ccccc21,"Experimental, Scheme 2",2
acs.oprd.6b00108,OPRD-100,XWXQEBMBBDIGOQ-UHFFFAOYSA-N>>IMIIUVRFSBDLMT-UHFFFAOYSA-N,CCOc1nc2ccccc2[nH]1>>CCOc1nc2ccccc2n1CCCl,"Experimental, Scheme 3",2
op5001644,OPRD-100,FCXVPZVPCSJJMY-GOSISDBHSA-N>>YIFYCVKJHFODFI-QZMUEMGWSA-N,COC(=O)C[C@@H](O)CN(Cc1ccccc1)Cc1ccccc1>>COC(=O)/C=C/O[C@H](CC(=O)OC)CN(Cc1ccccc1)Cc1ccccc1,Experimental,1
op5001644,OPRD-100,SWQCPDIPYFBOKS-RXMQYKEDSA-N>>MKUVEYWAWJKUII-MRVPVSSYSA-N,COC(=O)[C@H]1CNC(=O)CCO1>>COC(=O)[C@H]1CN(C(=O)OC(C)(C)C)C(=O)CCO1,"Experimental, Scheme 3",2
op5001644,OPRD-100,VRBKUWTXCBJWHS-SSDOTTSWSA-N>>SWQCPDIPYFBOKS-RXMQYKEDSA-N,COC(=O)CCO[C@@H](CN)CC(=O)OC>>COC(=O)[C@H]1CNC(=O)CCO1,"Experimental, Scheme 2",2
op5001644,OPRD-100,VRBKUWTXCBJWHS-SSDOTTSWSA-N>>VRBKUWTXCBJWHS-SSDOTTSWSA-N,COC(=O)CCO[C@@H](CN)CC(=O)OC>>COC(=O)CCO[C@@H](CN)CC(=O)OC,Scheme 2,1
op5001644,OPRD-100,YIFYCVKJHFODFI-QZMUEMGWSA-N>>VRBKUWTXCBJWHS-SSDOTTSWSA-N,COC(=O)/C=C/O[C@H](CC(=O)OC)CN(Cc1ccccc1)Cc1ccccc1>>COC(=O)CCO[C@@H](CN)CC(=O)OC,Experimental,1
op5001644,OPRD-100,YKNYRRVISWJDSR-GSVOUGTGSA-N>>YIFYCVKJHFODFI-QZMUEMGWSA-N,COC(=O)[C@H]1CO1>>COC(=O)/C=C/O[C@H](CC(=O)OC)CN(Cc1ccccc1)Cc1ccccc1,"Experimental, Scheme 2",2
op020058t,OPRD-100,CBYAZOKPJYBCHE-UHFFFAOYSA-N>>CRKFDNIDXARGCT-NXVVXOECSA-N.LQNUZADURLCDLV-UHFFFAOYSA-N.RSHBAGGASAJQCH-UHFFFAOYSA-N,O=[N+]([O-])c1cccc(I)c1>>COc1cccc(I)c1.Ic1cccc(/N=N\c2ccccc2I)c1.O=[N+]([O-])c1ccccc1,Table 2,1
op020058t,OPRD-100,CBYAZOKPJYBCHE-UHFFFAOYSA-N>>GRWXCTMEYYYJQZ-FOCLMDBBSA-N.LQNUZADURLCDLV-UHFFFAOYSA-N.RSHBAGGASAJQCH-UHFFFAOYSA-N,O=[N+]([O-])c1cccc(I)c1>>COc1cccc(I)c1.[O-]/[N+](=N/c1cccc(I)c1)c1cccc(I)c1.O=[N+]([O-])c1ccccc1,Scheme 1,1
op020058t,OPRD-100,FWIROFMBWVMWLB-UHFFFAOYSA-N>>LPXPTNMVRIOKMN-UHFFFAOYSA-M.LQBMPJSTUHWGDE-UHFFFAOYSA-N.LQNUZADURLCDLV-UHFFFAOYSA-N.VEVQNDVHZNOSHX-NXVVXOECSA-N.ZJOZUCVPNIVCJN-FOCLMDBBSA-N,O=[N+]([O-])c1cccc(Br)c1>>CCOc1cccc(Br)c1.O=NO[Na].Brc1cccc(/N=N\c2cccc(Br)c2)c1.[O-]/[N+](=N/c1cccc(Br)c1)c1cccc(Br)c1.O=[N+]([O-])c1ccccc1,Scheme 2,1
op020058t,OPRD-100,FWIROFMBWVMWLB-UHFFFAOYSA-N>>LQBMPJSTUHWGDE-UHFFFAOYSA-N.LQNUZADURLCDLV-UHFFFAOYSA-N.MXQZYTIZAQLMHT-NXVVXOECSA-N.QDIRQJAMRZHEJB-FOCLMDBBSA-N,O=[N+]([O-])c1cccc(Br)c1>>CCOc1cccc(Br)c1.Brc1cccc(/N=N\c2ccccc2Br)c1.[O-]/[N+](=N/c1cccc(Br)c1)c1ccccc1Br.O=[N+]([O-])c1ccccc1,Table 2,1
op020058t,OPRD-100,FWIROFMBWVMWLB-UHFFFAOYSA-N>>LQNUZADURLCDLV-UHFFFAOYSA-N.PLDWAJLZAAHOGG-UHFFFAOYSA-N.VEVQNDVHZNOSHX-NXVVXOECSA-N.ZJOZUCVPNIVCJN-FOCLMDBBSA-N,O=[N+]([O-])c1cccc(Br)c1>>COc1cccc(Br)c1.Brc1cccc(/N=N\c2cccc(Br)c2)c1.[O-]/[N+](=N/c1cccc(Br)c1)c1cccc(Br)c1.O=[N+]([O-])c1ccccc1,"Scheme 1, Table 1",2
op020058t,OPRD-100,FWIROFMBWVMWLB-UHFFFAOYSA-N>>PLDWAJLZAAHOGG-UHFFFAOYSA-N,O=[N+]([O-])c1cccc(Br)c1>>COc1cccc(Br)c1,Experimental,1
op020058t,OPRD-100,KMAQZIILEGKYQZ-UHFFFAOYSA-N>>CAGZFDUVHBQWBO-NXVVXOECSA-N.HNMYSCABMYNGTP-UHFFFAOYSA-N.HXXLSGNPKGNGBC-FOCLMDBBSA-N.LQNUZADURLCDLV-UHFFFAOYSA-N,O=[N+]([O-])c1cccc(Cl)c1>>CCOc1cccc(Cl)c1.Clc1cccc(/N=N\c2ccccc2Cl)c1.[O-]/[N+](=N/c1cccc(Cl)c1)c1ccccc1Cl.O=[N+]([O-])c1ccccc1,Table 2,1
op020058t,OPRD-100,KMAQZIILEGKYQZ-UHFFFAOYSA-N>>CAGZFDUVHBQWBO-NXVVXOECSA-N.HXXLSGNPKGNGBC-FOCLMDBBSA-N.LQNUZADURLCDLV-UHFFFAOYSA-N.YUKILTJWFRTXGB-UHFFFAOYSA-N,O=[N+]([O-])c1cccc(Cl)c1>>COc1cccc(Cl)c1.Clc1cccc(/N=N\c2ccccc2Cl)c1.[O-]/[N+](=N/c1cccc(Cl)c1)c1ccccc1Cl.O=[N+]([O-])c1ccccc1,Table 2,1
op020058t,OPRD-100,KMAQZIILEGKYQZ-UHFFFAOYSA-N>>HNMYSCABMYNGTP-UHFFFAOYSA-N.LQNUZADURLCDLV-UHFFFAOYSA-N.SXCDGVDBGGCCLV-FOCLMDBBSA-N.ZAUXEPYLONOZEK-NXVVXOECSA-N,O=[N+]([O-])c1cccc(Cl)c1>>CCOc1cccc(Cl)c1.Clc1cccc(/N=N\c2cccc(Cl)c2)c1.[O-]/[N+](=N/c1cccc(Cl)c1)c1cccc(Cl)c1.O=[N+]([O-])c1ccccc1,Scheme 2,1
op020058t,OPRD-100,KMAQZIILEGKYQZ-UHFFFAOYSA-N>>LQNUZADURLCDLV-UHFFFAOYSA-N.SXCDGVDBGGCCLV-FOCLMDBBSA-N.YUKILTJWFRTXGB-UHFFFAOYSA-N.ZAUXEPYLONOZEK-NXVVXOECSA-N,O=[N+]([O-])c1cccc(Cl)c1>>COc1cccc(Cl)c1.Clc1cccc(/N=N\c2cccc(Cl)c2)c1.[O-]/[N+](=N/c1cccc(Cl)c1)c1cccc(Cl)c1.O=[N+]([O-])c1ccccc1,Scheme 1,1
op020058t,OPRD-100,KMAQZIILEGKYQZ-UHFFFAOYSA-N>>YUKILTJWFRTXGB-UHFFFAOYSA-N,O=[N+]([O-])c1cccc(Cl)c1>>COc1cccc(Cl)c1,Experimental,1
op020058t,OPRD-100,WHNAMGUAXHGCHH-UHFFFAOYSA-N>>LQNUZADURLCDLV-UHFFFAOYSA-N.XHONYVFDZSPELQ-UHFFFAOYSA-N,O=[N+]([O-])c1cccc(C(F)(F)F)c1>>COc1cccc(C(F)(F)F)c1.O=[N+]([O-])c1ccccc1,"Scheme 1, Table 2",2
op020058t,OPRD-100,WMASLRCNNKMRFP-UHFFFAOYSA-N>>LQNUZADURLCDLV-UHFFFAOYSA-N.MFJNOXOAIFNSBX-UHFFFAOYSA-N.WGYFINWERLNPHR-UHFFFAOYSA-N,O=[N+]([O-])c1cccc(F)c1>>COc1cccc(F)c1.O=[N+]([O-])c1ccccc1.COc1cccc([N+](=O)[O-])c1,"Scheme 1, Table 2",2
op025546f,OPRD-100,CTLWPLGCFIRPSV-UHFFFAOYSA-L.QCONCWPZAHEPSP-UHFFFAOYSA-N.QCONCWPZAHEPSP-UHFFFAOYSA-N>>APGZYTLMOFRCGK-UHFFFAOYSA-N,COc1cc([N+](=O)[O-])ccc1[N+]#N.Cl[Zn-2]Cl.COc1cc([N+](=O)[O-])ccc1[N+]#N>>COc1cc([N+](=O)[O-])ccc1C=NO,"Experimental, Scheme 1",2
op025546f,OPRD-100,GVBHRNIWBGTNQA-UHFFFAOYSA-N>>APGZYTLMOFRCGK-UHFFFAOYSA-N,COc1cc([N+](=O)[O-])ccc1N>>COc1cc([N+](=O)[O-])ccc1C=NO,"Experimental, Scheme 1",2
op025546f,OPRD-100,LEBUUZXTHMCZQZ-UHFFFAOYSA-N>>WKEVQBKGDRLNDQ-UHFFFAOYSA-N,COc1cc([N+](=O)[O-])ccc1C=O>>COc1cc([N+](=O)[O-])ccc1-c1ccco1,"Experimental, Scheme 2",2
op025546f,OPRD-100,ODGCEQLVLXJUCC-UHFFFAOYSA-N.QCONCWPZAHEPSP-UHFFFAOYSA-N>>APGZYTLMOFRCGK-UHFFFAOYSA-N,COc1cc([N+](=O)[O-])ccc1[N+]#N.F[B-](F)(F)F>>COc1cc([N+](=O)[O-])ccc1C=NO,"Experimental, Scheme 1",2
op025546f,OPRD-100,ODGCEQLVLXJUCC-UHFFFAOYSA-N.QCONCWPZAHEPSP-UHFFFAOYSA-N>>LEBUUZXTHMCZQZ-UHFFFAOYSA-N,COc1cc([N+](=O)[O-])ccc1[N+]#N.F[B-](F)(F)F>>COc1cc([N+](=O)[O-])ccc1C=O,Scheme 2,1
op0341420,OPRD-100,CELKOWQJPVJKIL-UHFFFAOYSA-N>>HBBGRARXTFLTSG-UHFFFAOYSA-N.HBBGRARXTFLTSG-UHFFFAOYSA-N.IRERRSXDWUCFIY-UHFFFAOYSA-M.POLXLLIQWDBJMD-UHFFFAOYSA-M,Fc1cccnc1>>O=C([O-])c1ncccc1F.[Li+].O=C([O-])c1ccncc1F.[Li+],Scheme 3,1
op0341420,OPRD-100,CELKOWQJPVJKIL-UHFFFAOYSA-N>>HBBGRARXTFLTSG-UHFFFAOYSA-N.IRERRSXDWUCFIY-UHFFFAOYSA-M,Fc1cccnc1>>O=C([O-])c1ncccc1F.[Li+],Experimental,1
op0341420,OPRD-100,FSHWRWRFDRMLFH-UHFFFAOYSA-N>>UEQIOIGGEPWPMI-UHFFFAOYSA-N,O=S(=O)(OCC(F)(F)c1ccccn1)C(F)(F)F>>[N-]=[N+]=NCC(F)(F)c1ccccn1,Scheme 4,1
op0341420,OPRD-100,IUDKTVXSXWAKJO-UHFFFAOYSA-N>>AHLZMMPDDACOQX-UHFFFAOYSA-N,CCOC(=O)Cc1ccccn1>>CCOC(=O)C(F)(F)c1ccccn1,Scheme 4,1
op0341420,OPRD-100,NTNZTEQNFHNYBC-UHFFFAOYSA-N.OWZFULPEVHKEKS-UHFFFAOYSA-N.VEXZGXHMUGYJMC-UHFFFAOYSA-N>>YQIWYZDBGDASKD-UHFFFAOYSA-N,CCOC(=O)C(=O)Cl.CCOC(=O)CN.Cl>>CCOC(=O)Cn1ccnc(O)c1=O,Experimental,1
op0341420,OPRD-100,RTZZBUQTHNQTSR-UHFFFAOYSA-N>>FSHWRWRFDRMLFH-UHFFFAOYSA-N,OCC(F)(F)c1ccccn1>>O=S(=O)(OCC(F)(F)c1ccccn1)C(F)(F)F,Scheme 4,1
op0341420,OPRD-100,RTZZBUQTHNQTSR-UHFFFAOYSA-N>>TYKNQWWXUIYRSZ-UHFFFAOYSA-N,OCC(F)(F)c1ccccn1>>NCC(F)(F)c1ccccn1.*B=S,Scheme 6,1
op0341420,OPRD-100,UEQIOIGGEPWPMI-UHFFFAOYSA-N>>TYKNQWWXUIYRSZ-UHFFFAOYSA-N,[N-]=[N+]=NCC(F)(F)c1ccccn1>>NCC(F)(F)c1ccccn1,Scheme 4,1
op0341420,OPRD-100,VZFPSCNTFBJZHB-UHFFFAOYSA-N>>LRFWYBZWRQWZIM-UHFFFAOYSA-N.VEXZGXHMUGYJMC-UHFFFAOYSA-N.VEXZGXHMUGYJMC-UHFFFAOYSA-N,N#Cc1ncccc1F>>NCc1ccccc1F.Cl.Cl,"Experimental, Scheme 2, Scheme 3",3
op0341420,OPRD-100,WFXMDHFQXBWTSB-UHFFFAOYSA-N>>BZVJOAISKWPBOF-UHFFFAOYSA-N,CCOC(=O)CNC(=O)C(=O)OCC>>CCOC(=O)CNC(=O)C(=O)NCC(OC)OC,Scheme 7,1
op0499122,OPRD-100,NUTLHWPEYBJHML-UHFFFAOYSA-N>>PYEZEVQHRPOKSL-UHFFFAOYSA-N,CC(C)(C)OC(=O)N1CC(=O)C(=CN)C1>>CC(C)(C)OC(=O)NC=C1CN(C(=O)OC(C)(C)C)CC1=O,Scheme 1,1
op0499122,OPRD-100,PYEZEVQHRPOKSL-UHFFFAOYSA-N>>UXKMYLZTGJCBKD-UHFFFAOYSA-N,CC(C)(C)OC(=O)NC=C1CN(C(=O)OC(C)(C)C)CC1=O>>CC(C)(C)OC(=O)NCC1CN(C(=O)OC(C)(C)C)CC1=O,Scheme 1,1
op0499122,OPRD-100,QPBOYTCMSYULGM-LDADJPATSA-N>>AFVFQIVMOAPDHO-UHFFFAOYSA-N.AFVFQIVMOAPDHO-UHFFFAOYSA-N.YZBFISOEIGOFAF-UHFFFAOYSA-N,CO/N=C1CN(CC\1CNC(OC(C)(C)C)=O)C(OC(C)(C)C)=O>>CON=C2CNCC2CN.CS(=O)(O)=O.CS(=O)(O)=O,Scheme 1,1
op0499122,OPRD-100,RKUQLKRPWWYRIG-UHFFFAOYSA-N>>NUTLHWPEYBJHML-UHFFFAOYSA-N,CC(C)(C)OC(=O)N1CC(=O)C(C#N)C1>>CC(C)(C)OC(=O)N1CC(=O)C(=CN)C1,Scheme 1,1
op0499122,OPRD-100,UXKMYLZTGJCBKD-UHFFFAOYSA-N>>QPBOYTCMSYULGM-UHFFFAOYSA-N,CC(C)(C)OC(=O)NCC1CN(C(=O)OC(C)(C)C)CC1=O>>CON=C1CN(C(=O)OC(C)(C)C)CC1CNC(=O)OC(C)(C)C,Scheme 1,1
op050223f,OPRD-100,JEUBRLPXJZOGPX-UHFFFAOYSA-N.NYJXKHIVLGWPCF-UHFFFAOYSA-N>>PGXNMQBGOVUZNC-UHFFFAOYSA-N,Oc1ccc(Br)cc1C12CC3CC(CC(C3)C1)C2.COC(=O)c1ccc2cc(Br)ccc2c1>>COC(=O)c1ccc2cc(-c3ccc(OC)c(C45CC6CC(CC(C6)C4)C5)c3)ccc2c1,"Experimental, Scheme 1",2
op050223f,OPRD-100,QJPJQTDYNZXKQF-UHFFFAOYSA-N.VLLNJDMHDJRNFK-UHFFFAOYSA-N>>QQAMHHZQONQBFZ-UHFFFAOYSA-N,OC12CC3CC(CC(C3)C1)C2.COc1ccc(Br)cc1>>COc1ccc(Br)cc1C12CC3CC(CC(C3)C1)C2,"Experimental, Scheme 1",2
op050223f,OPRD-100,QQAMHHZQONQBFZ-UHFFFAOYSA-N>>NYJXKHIVLGWPCF-UHFFFAOYSA-N,COc1ccc(Br)cc1C12CC3CC(CC(C3)C1)C2>>Oc1ccc(Br)cc1C12CC3CC(CC(C3)C1)C2,"Experimental, Scheme 1",2
op0600963,OPRD-100,DTLBKXRFWUERQN-UHFFFAOYSA-N>>KJAKXVBZQBPPOB-UHFFFAOYSA-N,Nc1ncc(Br)nc1Br>>Nc1cnc(-c2ccccc2)cn1,"Experimental, eq. 3",2
op0600963,OPRD-100,DTLBKXRFWUERQN-UHFFFAOYSA-N>>KRRTXVSBTPCDOS-UHFFFAOYSA-N.XFTQRUTUGRCSGO-UHFFFAOYSA-N,Nc1ncc(Br)nc1Br>>Nc1cnc(Br)cn1.Nc1cnccn1,"Table 1, entry 1, Scheme 3, Table 1, entry 2, Scheme 3, Table 1, entry 3, Scheme 3, Table 1, entry 4, Scheme 3, Table 1, entry 5, Scheme 3, Table 1, entry 6, Scheme 3, Table 1, entry 7, Scheme 3, Table 1, entry 8, Scheme 3, Table 1, entry 9, Scheme 3, Table 2, entry 1, Scheme 3, Table 2, entry 10, Scheme 3, Table 2, entry 11, Scheme 3, Table 2, entry 2, Scheme 3, Table 2, entry 3, Scheme 3, Table 2, entry 4, Scheme 3, Table 2, entry 5, Scheme 3, Table 2, entry 6, Scheme 3, Table 2, entry 7, Scheme 3, Table 2, entry 8, Scheme 3, Table 2, entry 9, Scheme 3",20
op0600963,OPRD-100,KJAKXVBZQBPPOB-UHFFFAOYSA-N>>REKAGYBALLGJMY-UHFFFAOYSA-N,Nc1cnc(-c2ccccc2)cn1>>O=C(Nc1cnc(-c2ccccc2)cn1)Oc1ccccc1,"Experimental, Scheme 4",2
op0600963,OPRD-100,KRRTXVSBTPCDOS-UHFFFAOYSA-N>>KJAKXVBZQBPPOB-UHFFFAOYSA-N,Nc1cnc(Br)cn1>>Nc1cnc(-c2ccccc2)cn1,"Experimental, eq. 2",2
op0600963,OPRD-100,SJZKULRDWHPHGG-UHFFFAOYSA-N.XRXMNWGCKISMOH-UHFFFAOYSA-N>>KTLNULDALWGMKW-UHFFFAOYSA-N.RZXNEAPKBXXMQP-UHFFFAOYSA-N.WPYMKLBDIGXBTP-UHFFFAOYSA-N,O=C(O)c1ccccc1Br.O=C1CCN(Cc2ccccc2)CC1>>O=C1OC2(CCN(Cc3ccccc3)CC2)c2ccccc21.O=C(O)c1ccccc1.CCCCC1(O)CCN(Cc2ccccc2)CC1,"Table 3, entry 1, eq. 4, Table 3, entry 2, eq. 4, Table 3, entry 3, eq. 4, Table 3, entry 4, eq. 4, Table 3, entry 5, eq. 4, Table 3, entry 6, eq. 4, Table 3, entry 7, eq. 4",7
op050222n,OPRD-100,HMFHBZSHGGEWLO-SOOFDHNKSA-N>>NHHKFJCWLPPNCN-HSUXUTPPSA-N,OC[C@H]1OC(O)[C@H](O)[C@@H]1O>>CC1(C)O[C@@H]2[C@@H](CO)OC(=O)[C@@H]2O1,Experimental,1
op050222n,OPRD-100,NHHKFJCWLPPNCN-HSUXUTPPSA-N>>NHHKFJCWLPPNCN-KVQBGUIXSA-N,CC1(C)O[C@@H]2[C@@H](CO)OC(=O)[C@@H]2O1>>CC1(C)O[C@@H]2[C@H](CO)OC(=O)[C@@H]2O1,Experimental,1
op800155m,OPRD-100,ABDKAPXRBAPSQN-UHFFFAOYSA-N>>FFMFMRCSTBQCTI-UHFFFAOYSA-N.PUCISUQLWLKKJH-UHFFFAOYSA-N,COc1ccccc1OC>>COc1ccc(I)cc1OC.COc1cc(I)c(I)cc1OC,"Table 6, entry 1, Table 6, entry 2, Figure 4",2
op800155m,OPRD-100,CTQNGGLPUBDAKN-UHFFFAOYSA-N>>CSFRCLYFVINMBZ-UHFFFAOYSA-N,Cc1ccccc1C>>Cc1ccc(I)cc1C,"Table 3, entry 7, main text",1
op800155m,OPRD-100,DPZNOMCNRMUKPS-UHFFFAOYSA-N>>BKQPBNONSSCTEK-UHFFFAOYSA-N.ZDUYJCKEORTAQE-UHFFFAOYSA-N,COc1cccc(OC)c1>>COc1ccc(I)c(OC)c1.COc1cc(OC)c(I)cc1I,"Table 6, entry 3, Table 6, entry 4, Figure 4",2
op800155m,OPRD-100,ISWSIDIOOBJBQZ-UHFFFAOYSA-N>>KQDJTBPASNJQFQ-UHFFFAOYSA-N.VSMDINRNYYEDRN-UHFFFAOYSA-N,Oc1ccccc1>>Oc2ccc(I)cc2.Oc3ccccc3I,"Table 5, entry 4, main text",1
op800155m,OPRD-100,IVSZLXZYQVIEFR-UHFFFAOYSA-N>>BUNKQJAMHYKQIM-UHFFFAOYSA-N,Cc1cccc(C)c1>>Cc1ccc(I)c(C)c1,"Table 3, entry 8, main text",1
op800155m,OPRD-100,NIHNNTQXNPWCJQ-UHFFFAOYSA-N>>VNYQUOAQPXGXQO-UHFFFAOYSA-N.YCWGCTPMBCOCLT-UHFFFAOYSA-N,c1ccc2c(c1)Cc1ccccc1-2>>Ic1ccc2c(c1)Cc1ccccc1-2.Ic1ccc2c(c1)Cc1cc(I)ccc1-2,"Table 6, entry 7, Table 6, entry 8, Figure 4",2
op800155m,OPRD-100,OHBQPCCCRFSCAX-UHFFFAOYSA-N>>GLVOXVCTGAISRY-UHFFFAOYSA-N.WCFRWOHBOPQTBY-UHFFFAOYSA-N,COc1ccc(OC)cc1>>COc1ccc(OC)c(I)c1.COc1cc(I)c(OC)cc1I,"Table 6, entry 5, Table 6, entry 6, Figure 4",2
op800155m,OPRD-100,RDOXTESZEPMUJZ-UHFFFAOYSA-N>>DVQWNQBEUKXONL-UHFFFAOYSA-N.SYSZENVIJHPFNL-UHFFFAOYSA-N,COc1ccccc1>>COc2ccc(I)cc2.COc3ccccc3I,"Table 5, entry 5, main text",1
op800155m,OPRD-100,RWGFKTVRMDUZSP-UHFFFAOYSA-N>>PQJOSEVTIKYWLH-UHFFFAOYSA-N,CC(C)c1ccccc1>>CC(C)c1ccc(I)cc1,"Table 3, entry 3, main text",1
op800155m,OPRD-100,RWGFKTVRMDUZSP-UHFFFAOYSA-N>>PQJOSEVTIKYWLH-UHFFFAOYSA-N.SORQIYFSJAWBNQ-UHFFFAOYSA-N,CC(c1ccccc1)C>>CC(c2ccc(I)cc2)C.CC(c3ccccc3I)C,"Table 5, entry 3, main text",1
op800155m,OPRD-100,YNQLUTRBYVCPMQ-UHFFFAOYSA-N>>OOLSRHZMXAYDFB-UHFFFAOYSA-N,CCc1ccccc1>>CCc1ccc(I)cc1,"Table 3, entry 2, main text",1
op800155m,OPRD-100,YNQLUTRBYVCPMQ-UHFFFAOYSA-N>>OOLSRHZMXAYDFB-UHFFFAOYSA-N.ZEJZDNMOGNUIHL-UHFFFAOYSA-N,CCc1ccccc1>>CCc2ccc(I)cc2.CCc3ccccc3I,"Table 5, entry 2, main text",1
op800155m,OPRD-100,YXFVVABEGXRONW-UHFFFAOYSA-N>>RINOYHWVBUKAQE-UHFFFAOYSA-N.UDHAWRUAECEBHC-UHFFFAOYSA-N,Cc1ccccc1>>Cc2ccc(I)cc2.Cc3ccccc3I,"Table 4, entry 1, main text, Table 4, entry 10, main text, Table 4, entry 2, main text, Table 4, entry 3, main text, Table 4, entry 4, main text, Table 4, entry 5, main text, Table 4, entry 6, main text, Table 4, entry 7, main text, Table 4, entry 8, main text, Table 4, entry 9, main text, Table 5, entry 1, main text",11
op800155m,OPRD-100,YXFVVABEGXRONW-UHFFFAOYSA-N>>UDHAWRUAECEBHC-UHFFFAOYSA-N,Cc1ccccc1>>Cc1ccc(I)cc1,"Experimental, Table 1, entry 1, Table 1, entry 2, Table 1, entry 3, Table 1, entry 4, Table 1, entry 5, Table 1, entry 6, Table 1, entry 7, Table 1, entry 8, Table 1, entry 9, Table 2, entry 1, Table 2, entry 2, Table 2, entry 3, Table 2, entry 4, Table 2, entry 5, Table 3, entry 1, main text",16
op5003215,OPRD-100,BWMNOXJVRHGUQM-UHFFFAOYSA-N>>BONHKCQIMVZXBV-ZCFIWIBFSA-N,CC1(C)CC(=O)CCO1>>CC1(C)C[C@H](O)CCO1,"Table 1, entry 7",1
op5003215,OPRD-100,GKKZMYDNDDMXSE-UHFFFAOYSA-N>>DVIBDQWVFHDBOP-SNVBAGLBSA-N,CCOC(=O)CC(=O)c1ccccc1>>CCOC(=O)C[C@@H](O)c1ccccc1,"Table 1, entry 3",1
op100138t,OPRD-100,CGUGGUAXPLHFAX-UHFFFAOYSA-N>>OVUQXFGYEZPVBX-SWZMTVOYSA-N,O=C1CCC2(CC1)OC(=O)c1ccncc12>>CN[C@H]1CC[C@]2(CC1)OC(=O)c1ccncc12,Experimental,1
op100138t,OPRD-100,CGUGGUAXPLHFAX-UHFFFAOYSA-N>>OVUQXFGYEZPVBX-UHFFFAOYSA-N,O=C1CCC2(CC1)OC(=O)c1ccncc12>>CNC1CCC2(OC(c3c2cncc3)=O)CC1,Scheme 1 and Text,1
op100138t,OPRD-100,FCTZHFATVFONMW-UHFFFAOYSA-N>>CGUGGUAXPLHFAX-UHFFFAOYSA-N,O=C(Nc1ccccc1)c1ccncc1>>O=C1CCC2(CC1)OC(=O)c1ccncc12,Scheme 2 and Text,1
op4001687,OPRD-100,QNAYBMKLOCPYGJ-REOHCLBHSA-N>>QXQHJZHXVRWCOV-UHFFFAOYSA-N,C[C@@H](C(O)=O)N>>CCCCOC(=O)C(=O)NC(C)C(=O)O,Experimental,1
op4001687,OPRD-100,QNAYBMKLOCPYGJ-REOHCLBHSA-N>>QXQHJZHXVRWCOV-ZCFIWIBFSA-N,C[C@@H](C(O)=O)N>>CCCCOC(C(N[C@@H](C(O)=O)C)=O)=O,"Scheme 2, Scheme 6",2
op4001687,OPRD-100,QXQHJZHXVRWCOV-ZCFIWIBFSA-N>>FJZDQEWLMPOJNX-UHFFFAOYSA-N,CCCCOC(C(N[C@@H](C(O)=O)C)=O)=O>>CCCCOC(c1oc(OCCCC)c(C)n1)=O,Figure 2,1
op4001687,OPRD-100,QXQHJZHXVRWCOV-ZCFIWIBFSA-N>>MXEFJFDXLBCGLI-UHFFFAOYSA-N,CCCCOC(C(N[C@@H](C(O)=O)C)=O)=O>>CCCCOc1c(C)nco1,"Experimental, Scheme 3, Scheme 6",3
op3002728,OPRD-100,CAWHJQAVHZEVTJ-UHFFFAOYSA-N>>GFHPSQFCHUIFTO-UHFFFAOYSA-N,Cc1cnccn1>>ClCc1cnccn1,Scheme 2,1
op3002728,OPRD-100,CPELXLSAUQHCOX-UHFFFAOYSA-N.CPELXLSAUQHCOX-UHFFFAOYSA-N.JJYKCTMHZVBYHL-UHFFFAOYSA-N.SJMNQXLXIIXDDS-UHFFFAOYSA-N>>JITMSIRHBAVREW-UHFFFAOYSA-N,O=C(O)c1ccc(OC(F)F)c(C#Cc2ccccn2)c1.c1cnc2c(c1)CNC2.Br.Br>>O=C(c1ccc(OC(F)F)c(C#Cc2ccccn2)c1)N1Cc2cccnc2C1,"Experimental, Scheme 6",2
op3002728,OPRD-100,DFTLQVHYDAMGCG-UHFFFAOYSA-N>>FDHDTLFJPYRSBM-UHFFFAOYSA-N.VEXZGXHMUGYJMC-UHFFFAOYSA-N,OCc1cccnc1CO>>ClCc1cccnc1CCl.Cl,Scheme 2,1
op3002728,OPRD-100,FAPWRFPIFSIZLT-UHFFFAOYSA-M.FAPWRFPIFSIZLT-UHFFFAOYSA-M.JJYKCTMHZVBYHL-UHFFFAOYSA-N.SJMNQXLXIIXDDS-UHFFFAOYSA-N.VEXZGXHMUGYJMC-UHFFFAOYSA-N.VEXZGXHMUGYJMC-UHFFFAOYSA-N>>JITMSIRHBAVREW-UHFFFAOYSA-N.VEXZGXHMUGYJMC-UHFFFAOYSA-N.VEXZGXHMUGYJMC-UHFFFAOYSA-N,O=C(O)c1ccc(OC(F)F)c(C#Cc2ccccn2)c1.[Na]Cl.[Na]Cl.c1cnc2c(c1)CNC2.Cl.Cl>>O=C(c1ccc(OC(F)F)c(C#Cc2ccccn2)c1)N1Cc2cccnc2C1.Cl.Cl,Scheme 1,1
op3002728,OPRD-100,FDHDTLFJPYRSBM-UHFFFAOYSA-N.VEXZGXHMUGYJMC-UHFFFAOYSA-N>>CPELXLSAUQHCOX-UHFFFAOYSA-N.CPELXLSAUQHCOX-UHFFFAOYSA-N.SJMNQXLXIIXDDS-UHFFFAOYSA-N,ClCc1cccnc1CCl.Cl>>c1cnc2c(c1)CNC2.Br.Br,Scheme 2,1
op3002728,OPRD-100,GFHPSQFCHUIFTO-UHFFFAOYSA-N.XGGHCMUJAUKPIJ-UHFFFAOYSA-N>>HPYCOEHAQNLFFP-UHFFFAOYSA-N,ClCc1cnccn1.C#CCNC(=O)OCC>>C#CCN(Cc1cnccn1)C(=O)OCC,Scheme 2,1
op3002728,OPRD-100,GJAWHXHKYYXBSV-UHFFFAOYSA-N>>YLGIBCYHQZTFQL-UHFFFAOYSA-N,O=C(O)c1cccnc1C(=O)O>>COC(=O)c1cccnc1C(=O)OC,Scheme 2,1
op3002728,OPRD-100,HPYCOEHAQNLFFP-UHFFFAOYSA-N>>NXDYQBHSITTWJS-UHFFFAOYSA-N,C#CCN(Cc1cnccn1)C(=O)OCC>>CCOC(=O)N1Cc2ccncc2C1,Scheme 2,1
op3002728,OPRD-100,HPYCOEHAQNLFFP-UHFFFAOYSA-N>>PCBKEVNPKSZQFU-UHFFFAOYSA-N,C#CCN(Cc1cnccn1)C(=O)OCC>>CCOC(=O)N1Cc2cccnc2C1,Scheme 2,1
op3002728,OPRD-100,MRTAVLDNYYEJHK-UHFFFAOYSA-M.PXNOLLHARLSLHY-UHFFFAOYSA-N>>PHGNCRCKEXWDPQ-UHFFFAOYSA-N,COC(=O)c1ccc(O)c(I)c1.O=C(O[Na])C(F)(F)Cl>>COC(=O)c1ccc(OC(F)F)c(I)c1,Scheme 3,1
op3002728,OPRD-100,PCBKEVNPKSZQFU-UHFFFAOYSA-N>>SJMNQXLXIIXDDS-UHFFFAOYSA-N.VEXZGXHMUGYJMC-UHFFFAOYSA-N.VEXZGXHMUGYJMC-UHFFFAOYSA-N,CCOC(=O)N1Cc2cccnc2C1>>c1cnc2c(c1)CNC2.Cl.Cl,Scheme 2,1
op3002728,OPRD-100,PCNACEGBDPLABR-UHFFFAOYSA-N>>FAPWRFPIFSIZLT-UHFFFAOYSA-M.FAPWRFPIFSIZLT-UHFFFAOYSA-M.JJYKCTMHZVBYHL-UHFFFAOYSA-N,COC(=O)c1ccc(OC(F)F)c(C#Cc2ccccn2)c1>>O=C(O)c1ccc(OC(F)F)c(C#Cc2ccccn2)c1.[Na]Cl.[Na]Cl,"Scheme 1, Scheme 5",2
op3002728,OPRD-100,PXNOLLHARLSLHY-UHFFFAOYSA-N>>PHGNCRCKEXWDPQ-UHFFFAOYSA-N,COC(=O)c1ccc(O)c(I)c1>>COC(=O)c1ccc(OC(F)F)c(I)c1,"Experimental, Scheme 1",2
op3002728,OPRD-100,YLGIBCYHQZTFQL-UHFFFAOYSA-N>>DFTLQVHYDAMGCG-UHFFFAOYSA-N,COC(=O)c1cccnc1C(=O)OC>>OCc1cccnc1CO,Scheme 2,1
op4002824,OPRD-100,ATXXLNCPVSUCNK-UHFFFAOYSA-N.MQKUMILEVLIMFB-UHFFFAOYSA-N>>RQEQWROCSFRBBF-UHFFFAOYSA-N.XFXPVFHLQYDSRZ-UHFFFAOYSA-N,O=[N+]([O-])c1ccc(Br)cn1.Cc1cc(C(=O)Nc2cc(O)ccc2F)n(C)n1>>Cc1cc(C(=O)Nc2cc(Oc3ccc([N+](=O)[O-])nc3)ccc2F)n(C)n1.Cc1cc(C(=O)Nc2cc(Oc3ccc(Br)cn3)ccc2F)n(C)n1,"Table 3, entry 1, Table 3, entry 2, Table 3, entry 3, Table 3, entry 4, Table 3, entry 5, Table 3, entry 6, Table 3, entry 7",7
op4002824,OPRD-100,ATXXLNCPVSUCNK-UHFFFAOYSA-N.MQKUMILEVLIMFB-UHFFFAOYSA-N>>XFXPVFHLQYDSRZ-UHFFFAOYSA-N,Cc1cc(C(=O)Nc2cc(O)ccc2F)n(C)n1.O=[N+]([O-])c1ccc(Br)cn1>>Cc1cc(C(=O)Nc2cc(Oc3ccc([N+](=O)[O-])nc3)ccc2F)n(C)n1,"Experimental, Scheme 1",2
op4002824,OPRD-100,ATXXLNCPVSUCNK-UHFFFAOYSA-N.VJCSFNNTQGRAKH-UHFFFAOYSA-N>>BUAFCEDNZYUBSU-UHFFFAOYSA-N.HMNPOCPBQQMZSY-UHFFFAOYSA-N,O=[N+]([O-])c1ccc(Br)cn1.Nc1cc(O)ccc1F>>Nc1cc(Oc2ccc([N+](=O)[O-])nc2)ccc1F.Nc1cc(Oc2ccc(Br)cn2)ccc1F,"Table 2, entry 1, Table 2, entry 2, Table 2, entry 3, Table 2, entry 4, Table 2, entry 5, Table 2, entry 6, Table 2, entry 7, Table 2, entry 8",8
op4002824,OPRD-100,BDTDECDAHYOJRO-UHFFFAOYSA-N.UGUVLHIITYHGCG-UHFFFAOYSA-N>>IVVFYTVMXCRFBA-UHFFFAOYSA-N,Cc1cc(C(=O)Nc2cc(Oc3ccc(N)nc3)ccc2F)n(C)n1.CCOC(=O)N=C=S>>Cc1cc(C(=O)Nc2cc(Oc3ccc4nc(N)nn4c3)ccc2F)n(C)n1,Scheme 1,1
op4002824,OPRD-100,IGYXYGDEYHNFFT-UHFFFAOYSA-N>>OYZZFKIAYSRYMD-UHFFFAOYSA-N,Oc1ccc(F)cc1Cl>>COC(=O)Oc1ccc(F)cc1Cl,"Experimental, Scheme 4",2
op4002824,OPRD-100,IVVFYTVMXCRFBA-UHFFFAOYSA-N.XLYOFNOQVPJJNP-UHFFFAOYSA-N.ZOOSILUVXHVRJE-UHFFFAOYSA-N>>HSKISFLIRPOYCF-UHFFFAOYSA-N.IVVFYTVMXCRFBA-UHFFFAOYSA-N.XLYOFNOQVPJJNP-UHFFFAOYSA-N,Cc1cc(C(=O)Nc2cc(Oc3ccc4nc(N)nn4c3)ccc2F)n(C)n1.O=C(Cl)C1CC1.O>>Cc1cc(C(=O)Nc2cc(Oc3ccc4nc(NC(=O)C5CC5)nn4c3)ccc2F)n(C)n1.Cc1cc(C(=O)Nc2cc(Oc3ccc4nc(N)nn4c3)ccc2F)n(C)n1.O,"Table 6, entry 1, Table 6, entry 10, Table 6, entry 2, Table 6, entry 3, Table 6, entry 4, Table 6, entry 5, Table 6, entry 6, Table 6, entry 7, Table 6, entry 8, Table 6, entry 9",10
op4002824,OPRD-100,IVVFYTVMXCRFBA-UHFFFAOYSA-N.XLYOFNOQVPJJNP-UHFFFAOYSA-N.ZOOSILUVXHVRJE-UHFFFAOYSA-N>>HSKISFLIRPOYCF-UHFFFAOYSA-N.XLYOFNOQVPJJNP-UHFFFAOYSA-N,Cc1cc(C(=O)Nc2cc(Oc3ccc4nc(N)nn4c3)ccc2F)n(C)n1.O=C(Cl)C1CC1.O>>Cc1cc(C(=O)Nc2cc(Oc3ccc4nc(NC(=O)C5CC5)nn4c3)ccc2F)n(C)n1.O,Experimental,1
op4002824,OPRD-100,KJVBJICWGQIMOZ-UHFFFAOYSA-N>>PXJGUIPZTSDKMY-UHFFFAOYSA-N,Nc1cc([N+](=O)[O-])ccc1F>>CC(=O)Nc1cc([N+](=O)[O-])ccc1F,Scheme 3,1
op4002824,OPRD-100,MQKUMILEVLIMFB-UHFFFAOYSA-N.YUBHMOQVHOODEI-UHFFFAOYSA-N>>BIZSRVPBTYIHJU-UHFFFAOYSA-N.XFXPVFHLQYDSRZ-UHFFFAOYSA-N,Cc1cc(C(=O)Nc2cc(O)ccc2F)n(C)n1.O=[N+]([O-])c1ccc(Cl)cn1>>Cc1cc(C(=O)Nc2cc(Oc3ccc([N+](=O)[O-])nc3)ccc2F)n(C)n1.Cc1cc(C(=O)Nc2cc(Oc3ccc(Cl)cn3)ccc2F)n(C)n1,"Scheme 8, Table 3, entry 10, Table 3, entry 11, Table 3, entry 12, Table 3, entry 13, Table 3, entry 8, Table 3, entry 9",7
op4002824,OPRD-100,NAWVMCKMQMJQMF-UHFFFAOYSA-N>>AFZLCOLNTRPSIF-UHFFFAOYSA-N.NAWVMCKMQMJQMF-UHFFFAOYSA-N.VJCSFNNTQGRAKH-UHFFFAOYSA-N.ZZMRPOAHZITKBV-UHFFFAOYSA-N,O=[N+]([O-])c1cc(O)c(Cl)cc1F>>Nc1cc(O)ccc1F.Nc1cc(O)c(Cl)cc1F.NC1=CC(=O)CCC1.O=[N+]([O-])c1cc(O)c(Cl)cc1F,"Table 1, entry 1, Table 1, entry 10, Table 1, entry 11, Table 1, entry 2, Table 1, entry 3, Table 1, entry 4, Table 1, entry 5, Table 1, entry 6, Table 1, entry 7, Table 1, entry 8, Table 1, entry 9",11
op4002824,OPRD-100,RIFGWPKJUGCATF-UHFFFAOYSA-N.ZNNZYHKDIALBAK-UHFFFAOYSA-M>>BDTDECDAHYOJRO-UHFFFAOYSA-N,CCOC(=O)Cl.N#CS[K]>>CCOC(=O)N=C=S,"Table 4, entry 1, Table 4, entry 2, Table 4, entry 3, Table 4, entry 4, Table 4, entry 5, Table 4, entry 6, Table 4, entry 7",7
op4002824,OPRD-100,RIFGWPKJUGCATF-UHFFFAOYSA-N.ZNNZYHKDIALBAK-UHFFFAOYSA-M>>BPVSIWLVNHAMOI-UHFFFAOYSA-N,CCOC(=O)Cl.N#CS[K]>>CCOC(=O)NC(=S)Nc1ccc(Oc2ccc(F)c(NC(=O)c3cc(C)nn3C)c2)cn1,Scheme 9,1
op4002824,OPRD-100,RIFGWPKJUGCATF-UHFFFAOYSA-N.ZNNZYHKDIALBAK-UHFFFAOYSA-M>>IVVFYTVMXCRFBA-UHFFFAOYSA-N.XLYOFNOQVPJJNP-UHFFFAOYSA-N,CCOC(=O)Cl.N#CS[K]>>Cc1cc(C(=O)Nc2cc(Oc3ccc4nc(N)nn4c3)ccc2F)n(C)n1.O,Experimental,1
op4002824,OPRD-100,VJCSFNNTQGRAKH-UHFFFAOYSA-N.YUBHMOQVHOODEI-UHFFFAOYSA-N>>BUAFCEDNZYUBSU-UHFFFAOYSA-N.SMJLYNDBFTXQRI-UHFFFAOYSA-N,O=[N+]([O-])c1ccc(Cl)cn1.Nc1cc(O)ccc1F>>Nc1cc(Oc2ccc([N+](=O)[O-])nc2)ccc1F.Nc1cc(Oc2ccc(Cl)cn2)ccc1F,"Scheme 7, Table 2, entry 9",2
op9000725,OPRD-100,BSDGZUDFPKIYQG-UHFFFAOYSA-N.HCMVSLMENOCDCK-UHFFFAOYSA-N.ZLMJMSJWJFRBEC-UHFFFAOYSA-N.ZLMJMSJWJFRBEC-UHFFFAOYSA-N.ZLMJMSJWJFRBEC-UHFFFAOYSA-N.ZLMJMSJWJFRBEC-UHFFFAOYSA-N>>GPHQHTOMRSGBNZ-UHFFFAOYSA-N,Brc1ccncc1.N#C[Fe](C#N)(C#N)(C#N)(C#N)C#N.[K].[K].[K].[K]>>N#Cc1ccncc1,Table 4 and Experimental,1
op9000725,OPRD-100,CZNGTXVOZOWWKM-UHFFFAOYSA-N.HCMVSLMENOCDCK-UHFFFAOYSA-N.ZLMJMSJWJFRBEC-UHFFFAOYSA-N.ZLMJMSJWJFRBEC-UHFFFAOYSA-N.ZLMJMSJWJFRBEC-UHFFFAOYSA-N.ZLMJMSJWJFRBEC-UHFFFAOYSA-N>>KKZMIDYKRKGJHG-UHFFFAOYSA-N,COC(=O)c1ccc(Br)cc1.N#C[Fe](C#N)(C#N)(C#N)(C#N)C#N.[K].[K].[K].[K]>>COC(=O)c1ccc(C#N)cc1,Table 2 and Experimental,1
op9000725,OPRD-100,DYUWQWMXZHDZOR-UHFFFAOYSA-N.HCMVSLMENOCDCK-UHFFFAOYSA-N.ZLMJMSJWJFRBEC-UHFFFAOYSA-N.ZLMJMSJWJFRBEC-UHFFFAOYSA-N.ZLMJMSJWJFRBEC-UHFFFAOYSA-N.ZLMJMSJWJFRBEC-UHFFFAOYSA-N>>KKZMIDYKRKGJHG-UHFFFAOYSA-N,COC(=O)c1ccc(I)cc1.N#C[Fe](C#N)(C#N)(C#N)(C#N)C#N.[K].[K].[K].[K]>>COC(=O)c1ccc(C#N)cc1,Table 2 and Experimental,1
op9000725,OPRD-100,HCMVSLMENOCDCK-UHFFFAOYSA-N.JZJWCDQGIPQBAO-UHFFFAOYSA-N.ZLMJMSJWJFRBEC-UHFFFAOYSA-N.ZLMJMSJWJFRBEC-UHFFFAOYSA-N.ZLMJMSJWJFRBEC-UHFFFAOYSA-N.ZLMJMSJWJFRBEC-UHFFFAOYSA-N>>NLPHXWGWBKZSJC-UHFFFAOYSA-N,CC(=O)c1ccc(I)cc1.N#C[Fe](C#N)(C#N)(C#N)(C#N)C#N.[K].[K].[K].[K]>>CC(=O)c1ccc(C#N)cc1,Table 2 and Experimental,1
op9000725,OPRD-100,HCMVSLMENOCDCK-UHFFFAOYSA-N.QARVLSVVCXYDNA-UHFFFAOYSA-N.ZLMJMSJWJFRBEC-UHFFFAOYSA-N.ZLMJMSJWJFRBEC-UHFFFAOYSA-N.ZLMJMSJWJFRBEC-UHFFFAOYSA-N.ZLMJMSJWJFRBEC-UHFFFAOYSA-N>>JFDZBHWFFUWGJE-UHFFFAOYSA-N,Brc1ccccc1.N#C[Fe](C#N)(C#N)(C#N)(C#N)C#N.[K].[K].[K].[K]>>N#Cc1ccccc1,"Table 2 and Experimental, Table 4 and Experimental",2
op9000725,OPRD-100,HCMVSLMENOCDCK-UHFFFAOYSA-N.QJPJQTDYNZXKQF-UHFFFAOYSA-N.ZLMJMSJWJFRBEC-UHFFFAOYSA-N.ZLMJMSJWJFRBEC-UHFFFAOYSA-N.ZLMJMSJWJFRBEC-UHFFFAOYSA-N.ZLMJMSJWJFRBEC-UHFFFAOYSA-N>>XDJAAZYHCCRJOK-UHFFFAOYSA-N,COc1ccc(Br)cc1.N#C[Fe](C#N)(C#N)(C#N)(C#N)C#N.[K].[K].[K].[K]>>COc1ccc(C#N)cc1,"Table 2 and Experimental, Table 4 and Experimental",2
op9000725,OPRD-100,HCMVSLMENOCDCK-UHFFFAOYSA-N.QSSXJPIWXQTSIX-UHFFFAOYSA-N.ZLMJMSJWJFRBEC-UHFFFAOYSA-N.ZLMJMSJWJFRBEC-UHFFFAOYSA-N.ZLMJMSJWJFRBEC-UHFFFAOYSA-N.ZLMJMSJWJFRBEC-UHFFFAOYSA-N>>NWPNXBQSRGKSJB-UHFFFAOYSA-N,Cc1ccccc1Br.N#C[Fe](C#N)(C#N)(C#N)(C#N)C#N.[K].[K].[K].[K]>>Cc1ccccc1C#N,Table 2 and Experimental,1
op9000725,OPRD-100,HCMVSLMENOCDCK-UHFFFAOYSA-N.RINOYHWVBUKAQE-UHFFFAOYSA-N.ZLMJMSJWJFRBEC-UHFFFAOYSA-N.ZLMJMSJWJFRBEC-UHFFFAOYSA-N.ZLMJMSJWJFRBEC-UHFFFAOYSA-N.ZLMJMSJWJFRBEC-UHFFFAOYSA-N>>NWPNXBQSRGKSJB-UHFFFAOYSA-N,Cc1ccccc1I.N#C[Fe](C#N)(C#N)(C#N)(C#N)C#N.[K].[K].[K].[K]>>Cc1ccccc1C#N,Table 2 and Experimental,1
op9000725,OPRD-100,HCMVSLMENOCDCK-UHFFFAOYSA-N.SNHMUERNLJLMHN-UHFFFAOYSA-N.ZLMJMSJWJFRBEC-UHFFFAOYSA-N.ZLMJMSJWJFRBEC-UHFFFAOYSA-N.ZLMJMSJWJFRBEC-UHFFFAOYSA-N.ZLMJMSJWJFRBEC-UHFFFAOYSA-N>>JFDZBHWFFUWGJE-UHFFFAOYSA-N,Ic1ccccc1.N#C[Fe](C#N)(C#N)(C#N)(C#N)C#N.[K].[K].[K].[K]>>N#Cc1ccccc1,"Table 1 and Experimental, Table 2 and Experimental, Table 4 and Experimental",3
op9000725,OPRD-100,HCMVSLMENOCDCK-UHFFFAOYSA-N.SYSZENVIJHPFNL-UHFFFAOYSA-N.ZLMJMSJWJFRBEC-UHFFFAOYSA-N.ZLMJMSJWJFRBEC-UHFFFAOYSA-N.ZLMJMSJWJFRBEC-UHFFFAOYSA-N.ZLMJMSJWJFRBEC-UHFFFAOYSA-N>>XDJAAZYHCCRJOK-UHFFFAOYSA-N,COc1ccc(I)cc1.N#C[Fe](C#N)(C#N)(C#N)(C#N)C#N.[K].[K].[K].[K]>>COc1ccc(C#N)cc1,Table 2 and Experimental,1
op9000725,OPRD-100,HCMVSLMENOCDCK-UHFFFAOYSA-N.UDHAWRUAECEBHC-UHFFFAOYSA-N.ZLMJMSJWJFRBEC-UHFFFAOYSA-N.ZLMJMSJWJFRBEC-UHFFFAOYSA-N.ZLMJMSJWJFRBEC-UHFFFAOYSA-N.ZLMJMSJWJFRBEC-UHFFFAOYSA-N>>VCZNNAKNUVJVGX-UHFFFAOYSA-N,Cc1ccc(I)cc1.N#C[Fe](C#N)(C#N)(C#N)(C#N)C#N.[K].[K].[K].[K]>>Cc1ccc(C#N)cc1,Table 2 and Experimental,1
op9000725,OPRD-100,HCMVSLMENOCDCK-UHFFFAOYSA-N.VLVCDUSVTXIWGW-UHFFFAOYSA-N.ZLMJMSJWJFRBEC-UHFFFAOYSA-N.ZLMJMSJWJFRBEC-UHFFFAOYSA-N.ZLMJMSJWJFRBEC-UHFFFAOYSA-N.ZLMJMSJWJFRBEC-UHFFFAOYSA-N>>YBAZINRZQSAIAY-UHFFFAOYSA-N,Nc1ccc(I)cc1.N#C[Fe](C#N)(C#N)(C#N)(C#N)C#N.[K].[K].[K].[K]>>N#Cc1ccc(N)cc1,Table 2 and Experimental,1
op9000725,OPRD-100,HCMVSLMENOCDCK-UHFFFAOYSA-N.WDFQBORIUYODSI-UHFFFAOYSA-N.ZLMJMSJWJFRBEC-UHFFFAOYSA-N.ZLMJMSJWJFRBEC-UHFFFAOYSA-N.ZLMJMSJWJFRBEC-UHFFFAOYSA-N.ZLMJMSJWJFRBEC-UHFFFAOYSA-N>>YBAZINRZQSAIAY-UHFFFAOYSA-N,Nc1ccc(Br)cc1.N#C[Fe](C#N)(C#N)(C#N)(C#N)C#N.[K].[K].[K].[K]>>N#Cc1ccc(N)cc1,"Table 2 and Experimental, Table 4 and Experimental",2
op9000725,OPRD-100,HCMVSLMENOCDCK-UHFFFAOYSA-N.WYECURVXVYPVAT-UHFFFAOYSA-N.ZLMJMSJWJFRBEC-UHFFFAOYSA-N.ZLMJMSJWJFRBEC-UHFFFAOYSA-N.ZLMJMSJWJFRBEC-UHFFFAOYSA-N.ZLMJMSJWJFRBEC-UHFFFAOYSA-N>>NLPHXWGWBKZSJC-UHFFFAOYSA-N,CC(=O)c1ccc(Br)cc1.N#C[Fe](C#N)(C#N)(C#N)(C#N)C#N.[K].[K].[K].[K]>>CC(=O)c1ccc(C#N)cc1,Table 2 and Experimental,1
op9000725,OPRD-100,HCMVSLMENOCDCK-UHFFFAOYSA-N.ZBTMRBYMKUEVEU-UHFFFAOYSA-N.ZLMJMSJWJFRBEC-UHFFFAOYSA-N.ZLMJMSJWJFRBEC-UHFFFAOYSA-N.ZLMJMSJWJFRBEC-UHFFFAOYSA-N.ZLMJMSJWJFRBEC-UHFFFAOYSA-N>>VCZNNAKNUVJVGX-UHFFFAOYSA-N,Cc1ccc(Br)cc1.N#C[Fe](C#N)(C#N)(C#N)(C#N)C#N.[K].[K].[K].[K]>>Cc1ccc(C#N)cc1,Table 2 and Experimental,1
op9002533,OPRD-100,CDPKJZJVTHSESZ-UHFFFAOYSA-N>>LTADIWWYTXOETE-UHFFFAOYSA-N,O=C(O)Cc1ccc(Cl)cc1>>CNC(=O)Cc1ccc(Cl)cc1,Experimental,1
op9002533,OPRD-100,JCDMVJNUNZEZNE-UHFFFAOYSA-N>>RCPDCQDJDZSIOE-UHFFFAOYSA-N,CNC(=O)Cc1ccc(Br)cc1>>CN1Cc2cc(Br)ccc2CC1=O,"Experimental, Scheme 1 and Text, Table 1, text and experimental",3
op9002533,OPRD-100,LTADIWWYTXOETE-UHFFFAOYSA-N>>VTIMLLANWJTSKQ-UHFFFAOYSA-N,CNC(=O)Cc1ccc(Cl)cc1>>CN1Cc2cc(Cl)ccc2CC1=O,"Table 1, text and experimental",1
op9002533,OPRD-100,MGKPFALCNDRSQD-UHFFFAOYSA-N>>MXKVWVBHAZNMRF-UHFFFAOYSA-N,O=C(O)Cc1ccc(F)cc1>>CNC(=O)Cc1ccc(F)cc1,Experimental,1
op9002533,OPRD-100,MXKVWVBHAZNMRF-UHFFFAOYSA-N>>WHBDOIBHQQLPTC-UHFFFAOYSA-N,CNC(=O)Cc1ccc(F)cc1>>CN1Cc2cc(F)ccc2CC1=O,"Table 1, text and experimental",1
op9002533,OPRD-100,QOWSWEBLNVACCL-UHFFFAOYSA-N>>JCDMVJNUNZEZNE-UHFFFAOYSA-N,O=C(O)Cc1ccc(Br)cc1>>CNC(=O)Cc1ccc(Br)cc1,"Experimental, Scheme 1 and Text",2
op9002533,OPRD-100,RKEXPBCMGJAOLM-UHFFFAOYSA-N>>NVQVKXJHCXPXIL-UHFFFAOYSA-N,CNC(=O)Cc1ccccc1>>CN1Cc2ccccc2CC1=O,"Table 1, text and experimental",1
op9002533,OPRD-100,VTINDJIPKUJXNT-UHFFFAOYSA-N>>OAZNUWVXHRYGEN-UHFFFAOYSA-N,CNC(=O)Cc1ccc([N+](=O)[O-])cc1>>CN1Cc2cc([N+](=O)[O-])ccc2CC1=O,"Table 1, text and experimental",1
op9002533,OPRD-100,WLJVXDMOQOGPHL-UHFFFAOYSA-N>>RKEXPBCMGJAOLM-UHFFFAOYSA-N,O=C(O)Cc1ccccc1>>CNC(=O)Cc1ccccc1,Experimental,1
op9002533,OPRD-100,YBADLXQNJCMBKR-UHFFFAOYSA-N>>VTINDJIPKUJXNT-UHFFFAOYSA-N,O=C(O)Cc1ccc([N+](=O)[O-])cc1>>CNC(=O)Cc1ccc([N+](=O)[O-])cc1,Experimental,1
op100247m,OPRD-100,BRLQWZUYTZBJKN-UHFFFAOYSA-N.WGQKYBSKWIADBV-UHFFFAOYSA-N>>IFHGIWTUEVNIFJ-UHFFFAOYSA-N,NCc1ccccc1.ClCC1CO1>>OC(CCl)CN(Cc1ccccc1)CC(O)CCl,"Experimental, Table 1 and text, Table 2 and Text, Text",4
op100247m,OPRD-100,JOXQHYFVXZZGQZ-UHFFFAOYSA-N>>DLINBPPEFVOWIE-UHFFFAOYSA-N,OC1CN(Cc2ccccc2)C1>>CS(=O)(=O)OC1CN(Cc2ccccc2)C1,Experimental,1
op100247m,OPRD-100,JOXQHYFVXZZGQZ-UHFFFAOYSA-N>>GMWFCJXSQQHBPI-UHFFFAOYSA-N.VEXZGXHMUGYJMC-UHFFFAOYSA-N,OC1CN(Cc2ccccc2)C1>>OC1CNC1.Cl,Experimental,1
op100267p,OPRD-100,AUZRFYSGXUWWTL-UHFFFAOYSA-N>>CSCPPACGZOOCGX-UHFFFAOYSA-N.CSCPPACGZOOCGX-UHFFFAOYSA-N.XNEOXUHAOKJOON-UHFFFAOYSA-N,O=C(c1ccc(Br)c(F)c1)N1CCCC1>>O=C(c1ccc(B(O)O)c(F)c1)N1CCCC1.CC(C)=O.CC(C)=O,Scheme 3 and text,1
op100267p,OPRD-100,AUZRFYSGXUWWTL-UHFFFAOYSA-N>>DRURUBYNPVPIHP-UHFFFAOYSA-N.ZNDQZSHCUGEMAP-UHFFFAOYSA-N,O=C(c1ccc(Br)c(F)c1)N1CCCC1>>CC(C)OB(OC(C)C)c1ccc(C(=O)N2CCCC2)cc1F.CC(C)OB(OC(C)C)c1ccc(C(=O)N2CCCC2)c(B(OC(C)C)OC(C)C)c1F,Scheme 2,1
op100267p,OPRD-100,RMYOGXPGIDWJLU-UHFFFAOYSA-N.RWRDLPDLKQPQOW-UHFFFAOYSA-N>>XNEOXUHAOKJOON-UHFFFAOYSA-N,O=C(O)c1ccc(Br)c(F)c1.C1CCNC1>>O=C(c1ccc(B(O)O)c(F)c1)N1CCCC1,Experimental,1
op100267p,OPRD-100,ROSDSFDQCJNGOL-UHFFFAOYSA-N.VEXZGXHMUGYJMC-UHFFFAOYSA-N.ZQQSRVPOAHYHEL-UHFFFAOYSA-N>>KEZPQOGKDGNRHH-UHFFFAOYSA-N,O=C(O)c1ccc(Br)cc1F.CNC.Cl>>CN(C)C(=O)c1ccc(B(O)O)cc1F,Experimental,1
op100267p,OPRD-100,ROSDSFDQCJNGOL-UHFFFAOYSA-N.ZQQSRVPOAHYHEL-UHFFFAOYSA-N>>KEZPQOGKDGNRHH-UHFFFAOYSA-N,O=C(O)c1ccc(Br)cc1F.CNC>>CN(C)C(=O)c1ccc(B(O)O)cc1F,Experimental and Table 2,1
op2000699,OPRD-100,HZAXFHJVJLSVMW-UHFFFAOYSA-N.OJVAMHKKJGICOG-UHFFFAOYSA-N>>AREYOJNLKFSXPK-UHFFFAOYSA-N.XLYOFNOQVPJJNP-UHFFFAOYSA-N,NCCO.CC(=O)CCC(C)=O>>Cc1ccc(C)n1CCO.O,"Experimental, Scheme 1",2
op2000699,OPRD-100,IQZLUWLMQNGTIW-UHFFFAOYSA-N>>CHMWIAHMSOASPM-UHFFFAOYSA-N.DAUAQNGYDSHRET-UHFFFAOYSA-N,COc1ccc(C(C)=O)cc1OC>>COc1ccc(C(=O)O)cc1OC.COc1cc(Cl)c(C(=O)O)cc1OC,Scheme 4,1
